receptor,receptor_native_ligand,ligand_from,docked_ligand_native_ligand,rmsd,affinity,receptor_pocket_avg_bfactor,receptor_pocket_max_bfactor,receptor_pocket_std_bfactor,receptor_mean_relative_bfactor,n_high_bfactor_residues,high_bfactor_residues,success
1A0J,BEN,1BIT,BEN,0.104,0.0,15.42,36.95,5.3,1.0,17,GLN192;CYS191;GLN192;GLY216;TYR217;GLY219;CYS220;ALA221;GLN192;GLY219;CYS220;ALA221;ASP189;TYR217;GLY219;CYS220;ALA221,True
1A0J,BEN,1HJ8,BEN,1.056,0.0,15.42,36.95,5.3,1.0,17,GLN192;CYS191;GLN192;GLY216;TYR217;GLY219;CYS220;ALA221;GLN192;GLY219;CYS220;ALA221;ASP189;TYR217;GLY219;CYS220;ALA221,True
1A0J,BEN,1MBQ,BEN,0.135,-0.2027,15.42,36.95,5.3,1.0,17,GLN192;CYS191;GLN192;GLY216;TYR217;GLY219;CYS220;ALA221;GLN192;GLY219;CYS220;ALA221;ASP189;TYR217;GLY219;CYS220;ALA221,True
1A0J,BEN,1PQA,SEB,1.323,0.0,15.42,36.95,5.3,1.0,17,GLN192;CYS191;GLN192;GLY216;TYR217;GLY219;CYS220;ALA221;GLN192;GLY219;CYS220;ALA221;ASP189;TYR217;GLY219;CYS220;ALA221,True
1A0J,BEN,1TRY,ISP,1.099,0.0,15.42,36.95,5.3,1.0,17,GLN192;CYS191;GLN192;GLY216;TYR217;GLY219;CYS220;ALA221;GLN192;GLY219;CYS220;ALA221;ASP189;TYR217;GLY219;CYS220;ALA221,True
1A0J,BEN,1UTJ,ABN,0.224,-5.253,15.42,36.95,5.3,1.0,17,GLN192;CYS191;GLN192;GLY216;TYR217;GLY219;CYS220;ALA221;GLN192;GLY219;CYS220;ALA221;ASP189;TYR217;GLY219;CYS220;ALA221,True
1A0J,BEN,1UTM,PEA,0.952,0.0,15.42,36.95,5.3,1.0,17,GLN192;CYS191;GLN192;GLY216;TYR217;GLY219;CYS220;ALA221;GLN192;GLY219;CYS220;ALA221;ASP189;TYR217;GLY219;CYS220;ALA221,True
1A0J,BEN,3PTB,BEN,1.067,0.0,15.42,36.95,5.3,1.0,17,GLN192;CYS191;GLN192;GLY216;TYR217;GLY219;CYS220;ALA221;GLN192;GLY219;CYS220;ALA221;ASP189;TYR217;GLY219;CYS220;ALA221,True
1A0J,BEN,5PTP,MIS,1.764,-0.5653,15.42,36.95,5.3,1.0,17,GLN192;CYS191;GLN192;GLY216;TYR217;GLY219;CYS220;ALA221;GLN192;GLY219;CYS220;ALA221;ASP189;TYR217;GLY219;CYS220;ALA221,True
1BIT,BEN,1A0J,BEN,0.021,0.0,12.11,35.44,6.77,1.0,6,MET175;GLN192;TYR217;CYS220;ALA221;ASN224,True
1BIT,BEN,1HJ8,BEN,0.095,-4.346,12.11,35.44,6.77,1.0,6,MET175;GLN192;TYR217;CYS220;ALA221;ASN224,True
1BIT,BEN,1MBQ,BEN,0.142,0.0,12.11,35.44,6.77,1.0,6,MET175;GLN192;TYR217;CYS220;ALA221;ASN224,True
1BIT,BEN,1PQA,SEB,1.323,0.0,12.11,35.44,6.77,1.0,6,MET175;GLN192;TYR217;CYS220;ALA221;ASN224,True
1BIT,BEN,1TRY,ISP,1.099,0.0,12.11,35.44,6.77,1.0,6,MET175;GLN192;TYR217;CYS220;ALA221;ASN224,True
1BIT,BEN,1UTJ,ABN,0.649,0.0,12.11,35.44,6.77,1.0,6,MET175;GLN192;TYR217;CYS220;ALA221;ASN224,True
1BIT,BEN,1UTM,PEA,0.849,-0.4582,12.11,35.44,6.77,1.0,6,MET175;GLN192;TYR217;CYS220;ALA221;ASN224,True
1BIT,BEN,3PTB,BEN,1.067,0.0,12.11,35.44,6.77,1.0,6,MET175;GLN192;TYR217;CYS220;ALA221;ASN224,True
1BIT,BEN,5PTP,MIS,1.427,0.0,12.11,35.44,6.77,1.0,6,MET175;GLN192;TYR217;CYS220;ALA221;ASN224,True
1HJ8,BEN,1A0J,BEN,0.021,0.0,10.0,16.76,3.24,1.0,6,THR76;GLN192;TYR217;GLY219;CYS220;ALA221,True
1HJ8,BEN,1BIT,BEN,1.046,-7.229,10.0,16.76,3.24,1.0,6,THR76;GLN192;TYR217;GLY219;CYS220;ALA221,True
1HJ8,BEN,1MBQ,BEN,0.142,0.0,10.0,16.76,3.24,1.0,6,THR76;GLN192;TYR217;GLY219;CYS220;ALA221,True
1HJ8,BEN,1PQA,SEB,1.323,0.0,10.0,16.76,3.24,1.0,6,THR76;GLN192;TYR217;GLY219;CYS220;ALA221,True
1HJ8,BEN,1TRY,ISP,1.099,0.0,10.0,16.76,3.24,1.0,6,THR76;GLN192;TYR217;GLY219;CYS220;ALA221,True
1HJ8,BEN,1UTJ,ABN,0.649,0.0,10.0,16.76,3.24,1.0,6,THR76;GLN192;TYR217;GLY219;CYS220;ALA221,True
1HJ8,BEN,1UTM,PEA,0.735,-0.1805,10.0,16.76,3.24,1.0,6,THR76;GLN192;TYR217;GLY219;CYS220;ALA221,True
1HJ8,BEN,3PTB,BEN,1.067,0.0,10.0,16.76,3.24,1.0,6,THR76;GLN192;TYR217;GLY219;CYS220;ALA221,True
1HJ8,BEN,5PTP,MIS,1.427,0.0,10.0,16.76,3.24,1.0,6,THR76;GLN192;TYR217;GLY219;CYS220;ALA221,True
1MBQ,BEN,1A0J,BEN,0.021,0.0,8.44,10.55,1.23,1.0,4,GLN192;GLY216;TYR217;ALA221,True
1MBQ,BEN,1BIT,BEN,0.104,0.0,8.44,10.55,1.23,1.0,4,GLN192;GLY216;TYR217;ALA221,True
1MBQ,BEN,1HJ8,BEN,1.056,0.0,8.44,10.55,1.23,1.0,4,GLN192;GLY216;TYR217;ALA221,True
1MBQ,BEN,1PQA,SEB,0.857,-5.498,8.44,10.55,1.23,1.0,4,GLN192;GLY216;TYR217;ALA221,True
1MBQ,BEN,1TRY,ISP,1.045,-1.275,8.44,10.55,1.23,1.0,4,GLN192;GLY216;TYR217;ALA221,True
1MBQ,BEN,1UTJ,ABN,0.288,-1.798,8.44,10.55,1.23,1.0,4,GLN192;GLY216;TYR217;ALA221,True
1MBQ,BEN,1UTM,PEA,0.952,0.0,8.44,10.55,1.23,1.0,4,GLN192;GLY216;TYR217;ALA221,True
1MBQ,BEN,3PTB,BEN,0.49,-4.152,8.44,10.55,1.23,1.0,4,GLN192;GLY216;TYR217;ALA221,True
1MBQ,BEN,5PTP,MIS,1.482,-5.129,8.44,10.55,1.23,1.0,4,GLN192;GLY216;TYR217;ALA221,True
1PPZ,MIS,1A0J,BEN,0.021,0.0,12.47,19.73,3.45,1.0,5,TRP40;HIS56;CYS57;TYR61;GLN192,True
1PPZ,MIS,1BIT,BEN,0.104,0.0,12.47,19.73,3.45,1.0,5,TRP40;HIS56;CYS57;TYR61;GLN192,True
1PPZ,MIS,1HJ8,BEN,1.056,0.0,12.47,19.73,3.45,1.0,5,TRP40;HIS56;CYS57;TYR61;GLN192,True
1PPZ,MIS,1MBQ,BEN,1.06,-4.675,12.47,19.73,3.45,1.0,5,TRP40;HIS56;CYS57;TYR61;GLN192,True
1PPZ,MIS,1PQA,SEB,1.79,-5.92,12.47,19.73,3.45,1.0,5,TRP40;HIS56;CYS57;TYR61;GLN192,True
1PPZ,MIS,1TRY,ISP,0.498,-1.426,12.47,19.73,3.45,1.0,5,TRP40;HIS56;CYS57;TYR61;GLN192,True
1PPZ,MIS,1UTJ,ABN,0.649,0.0,12.47,19.73,3.45,1.0,5,TRP40;HIS56;CYS57;TYR61;GLN192,True
1PPZ,MIS,1UTM,PEA,0.952,0.0,12.47,19.73,3.45,1.0,5,TRP40;HIS56;CYS57;TYR61;GLN192,True
1PPZ,MIS,3PTB,BEN,0.863,-6.182,12.47,19.73,3.45,1.0,5,TRP40;HIS56;CYS57;TYR61;GLN192,True
1PPZ,MIS,5PTP,MIS,1.353,-3.631,12.47,19.73,3.45,1.0,5,TRP40;HIS56;CYS57;TYR61;GLN192,True
1PQA,SEB,1A0J,BEN,0.021,0.0,12.39,16.76,2.54,1.0,5,TRP40;HIS56;TYR61;GLN192;TRP212,True
1PQA,SEB,1BIT,BEN,0.104,0.0,12.39,16.76,2.54,1.0,5,TRP40;HIS56;TYR61;GLN192;TRP212,True
1PQA,SEB,1HJ8,BEN,1.056,0.0,12.39,16.76,2.54,1.0,5,TRP40;HIS56;TYR61;GLN192;TRP212,True
1PQA,SEB,1MBQ,BEN,0.209,-4.488,12.39,16.76,2.54,1.0,5,TRP40;HIS56;TYR61;GLN192;TRP212,True
1PQA,SEB,1TRY,ISP,0.638,-1.607,12.39,16.76,2.54,1.0,5,TRP40;HIS56;TYR61;GLN192;TRP212,True
1PQA,SEB,1UTJ,ABN,0.649,0.0,12.39,16.76,2.54,1.0,5,TRP40;HIS56;TYR61;GLN192;TRP212,True
1PQA,SEB,1UTM,PEA,0.952,0.0,12.39,16.76,2.54,1.0,5,TRP40;HIS56;TYR61;GLN192;TRP212,True
1PQA,SEB,3PTB,BEN,0.608,-5.283,12.39,16.76,2.54,1.0,5,TRP40;HIS56;TYR61;GLN192;TRP212,True
1PQA,SEB,5PTP,MIS,1.314,-3.578,12.39,16.76,2.54,1.0,5,TRP40;HIS56;TYR61;GLN192;TRP212,True
1TRY,ISP,1A0J,BEN,0.021,0.0,12.72,28.55,5.03,1.0,4,TRP41;HIS57;GLN192;GLY216,True
1TRY,ISP,1BIT,BEN,0.104,0.0,12.72,28.55,5.03,1.0,4,TRP41;HIS57;GLN192;GLY216,True
1TRY,ISP,1HJ8,BEN,1.056,0.0,12.72,28.55,5.03,1.0,4,TRP41;HIS57;GLN192;GLY216,True
1TRY,ISP,1MBQ,BEN,0.142,0.0,12.72,28.55,5.03,1.0,4,TRP41;HIS57;GLN192;GLY216,True
1TRY,ISP,1PQA,SEB,1.893,-1.74,12.72,28.55,5.03,1.0,4,TRP41;HIS57;GLN192;GLY216,True
1TRY,ISP,1UTJ,ABN,0.649,0.0,12.72,28.55,5.03,1.0,4,TRP41;HIS57;GLN192;GLY216,True
1TRY,ISP,1UTM,PEA,0.952,0.0,12.72,28.55,5.03,1.0,4,TRP41;HIS57;GLN192;GLY216,True
1TRY,ISP,3PTB,BEN,0.116,-3.797,12.72,28.55,5.03,1.0,4,TRP41;HIS57;GLN192;GLY216,True
1TRY,ISP,5PTP,MIS,1.427,0.0,12.72,28.55,5.03,1.0,4,TRP41;HIS57;GLN192;GLY216,True
1UTJ,ABN,1A0J,BEN,0.421,-4.166,3.89,5.83,1.15,1.0,4,GLY216;GLY219;CYS220;ALA221,True
1UTJ,ABN,1BIT,BEN,0.104,0.0,3.89,5.83,1.15,1.0,4,GLY216;GLY219;CYS220;ALA221,True
1UTJ,ABN,1HJ8,BEN,1.056,0.0,3.89,5.83,1.15,1.0,4,GLY216;GLY219;CYS220;ALA221,True
1UTJ,ABN,1MBQ,BEN,0.272,-2.007,3.89,5.83,1.15,1.0,4,GLY216;GLY219;CYS220;ALA221,True
1UTJ,ABN,1PQA,SEB,1.323,0.0,3.89,5.83,1.15,1.0,4,GLY216;GLY219;CYS220;ALA221,True
1UTJ,ABN,1TRY,ISP,1.099,0.0,3.89,5.83,1.15,1.0,4,GLY216;GLY219;CYS220;ALA221,True
1UTJ,ABN,1UTM,PEA,0.952,0.0,3.89,5.83,1.15,1.0,4,GLY216;GLY219;CYS220;ALA221,True
1UTJ,ABN,3PTB,BEN,1.067,0.0,3.89,5.83,1.15,1.0,4,GLY216;GLY219;CYS220;ALA221,True
1UTJ,ABN,5PTP,MIS,1.118,-0.3352,3.89,5.83,1.15,1.0,4,GLY216;GLY219;CYS220;ALA221,True
1UTM,PEA,1A0J,BEN,0.021,0.0,11.65,18.81,3.56,1.0,4,GLN192;GLY216;GLY219;CYS220,True
1UTM,PEA,1BIT,BEN,0.799,-3.277,11.65,18.81,3.56,1.0,4,GLN192;GLY216;GLY219;CYS220,True
1UTM,PEA,1HJ8,BEN,0.018,-2.809,11.65,18.81,3.56,1.0,4,GLN192;GLY216;GLY219;CYS220,True
1UTM,PEA,1MBQ,BEN,0.142,0.0,11.65,18.81,3.56,1.0,4,GLN192;GLY216;GLY219;CYS220,True
1UTM,PEA,1PQA,SEB,1.323,0.0,11.65,18.81,3.56,1.0,4,GLN192;GLY216;GLY219;CYS220,True
1UTM,PEA,1TRY,ISP,1.099,0.0,11.65,18.81,3.56,1.0,4,GLN192;GLY216;GLY219;CYS220,True
1UTM,PEA,1UTJ,ABN,0.649,0.0,11.65,18.81,3.56,1.0,4,GLN192;GLY216;GLY219;CYS220,True
1UTM,PEA,3PTB,BEN,1.067,0.0,11.65,18.81,3.56,1.0,4,GLN192;GLY216;GLY219;CYS220,True
1UTM,PEA,5PTP,MIS,1.427,0.0,11.65,18.81,3.56,1.0,4,GLN192;GLY216;GLY219;CYS220,True
2A31,PG3,1A0J,BEN,0.021,0.0,8.13,18.48,3.03,1.0,5,GLN192;TYR217;GLY219;ALA221;PRO225,True
2A31,PG3,1BIT,BEN,0.104,0.0,8.13,18.48,3.03,1.0,5,GLN192;TYR217;GLY219;ALA221;PRO225,True
2A31,PG3,1HJ8,BEN,0.995,-1.543,8.13,18.48,3.03,1.0,5,GLN192;TYR217;GLY219;ALA221;PRO225,True
2A31,PG3,1MBQ,BEN,0.076,-3.664,8.13,18.48,3.03,1.0,5,GLN192;TYR217;GLY219;ALA221;PRO225,True
2A31,PG3,1PQA,SEB,1.439,-2.046,8.13,18.48,3.03,1.0,5,GLN192;TYR217;GLY219;ALA221;PRO225,True
2A31,PG3,1TRY,ISP,1.099,0.0,8.13,18.48,3.03,1.0,5,GLN192;TYR217;GLY219;ALA221;PRO225,True
2A31,PG3,1UTJ,ABN,0.649,0.0,8.13,18.48,3.03,1.0,5,GLN192;TYR217;GLY219;ALA221;PRO225,True
2A31,PG3,1UTM,PEA,0.952,0.0,8.13,18.48,3.03,1.0,5,GLN192;TYR217;GLY219;ALA221;PRO225,True
2A31,PG3,3PTB,BEN,1.067,0.0,8.13,18.48,3.03,1.0,5,GLN192;TYR217;GLY219;ALA221;PRO225,True
2A31,PG3,5PTP,MIS,1.484,-5.67,8.13,18.48,3.03,1.0,5,GLN192;TYR217;GLY219;ALA221;PRO225,True
2FPZ,AX7,1A0J,BEN,0.797,-5.451,19.61,32.78,5.04,1.0,17,GLY216;GLU217;GLY219;CYS220;ALA221;GLY216;GLU217;GLY219;ALA221;GLN192;GLU217;GLY219;CYS220;ALA221;GLU217;GLY219;CYS220,True
2FPZ,AX7,1BIT,BEN,0.104,0.0,19.61,32.78,5.04,1.0,17,GLY216;GLU217;GLY219;CYS220;ALA221;GLY216;GLU217;GLY219;ALA221;GLN192;GLU217;GLY219;CYS220;ALA221;GLU217;GLY219;CYS220,True
2FPZ,AX7,1HJ8,BEN,1.056,0.0,19.61,32.78,5.04,1.0,17,GLY216;GLU217;GLY219;CYS220;ALA221;GLY216;GLU217;GLY219;ALA221;GLN192;GLU217;GLY219;CYS220;ALA221;GLU217;GLY219;CYS220,True
2FPZ,AX7,1MBQ,BEN,0.065,-1.6,19.61,32.78,5.04,1.0,17,GLY216;GLU217;GLY219;CYS220;ALA221;GLY216;GLU217;GLY219;ALA221;GLN192;GLU217;GLY219;CYS220;ALA221;GLU217;GLY219;CYS220,True
2FPZ,AX7,1PQA,SEB,1.323,0.0,19.61,32.78,5.04,1.0,17,GLY216;GLU217;GLY219;CYS220;ALA221;GLY216;GLU217;GLY219;ALA221;GLN192;GLU217;GLY219;CYS220;ALA221;GLU217;GLY219;CYS220,True
2FPZ,AX7,1TRY,ISP,1.099,0.0,19.61,32.78,5.04,1.0,17,GLY216;GLU217;GLY219;CYS220;ALA221;GLY216;GLU217;GLY219;ALA221;GLN192;GLU217;GLY219;CYS220;ALA221;GLU217;GLY219;CYS220,True
2FPZ,AX7,1UTJ,ABN,0.706,-4.938,19.61,32.78,5.04,1.0,17,GLY216;GLU217;GLY219;CYS220;ALA221;GLY216;GLU217;GLY219;ALA221;GLN192;GLU217;GLY219;CYS220;ALA221;GLU217;GLY219;CYS220,True
2FPZ,AX7,1UTM,PEA,0.952,0.0,19.61,32.78,5.04,1.0,17,GLY216;GLU217;GLY219;CYS220;ALA221;GLY216;GLU217;GLY219;ALA221;GLN192;GLU217;GLY219;CYS220;ALA221;GLU217;GLY219;CYS220,True
2FPZ,AX7,3PTB,BEN,1.067,0.0,19.61,32.78,5.04,1.0,17,GLY216;GLU217;GLY219;CYS220;ALA221;GLY216;GLU217;GLY219;ALA221;GLN192;GLU217;GLY219;CYS220;ALA221;GLU217;GLY219;CYS220,True
2FPZ,AX7,5PTP,MIS,1.513,-0.1657,19.61,32.78,5.04,1.0,17,GLY216;GLU217;GLY219;CYS220;ALA221;GLY216;GLU217;GLY219;ALA221;GLN192;GLU217;GLY219;CYS220;ALA221;GLU217;GLY219;CYS220,True
3PTB,BEN,1A0J,BEN,0.021,0.0,11.74,19.67,3.42,1.0,5,TRP215;GLY216;SER217;GLY219;PRO225,True
3PTB,BEN,1BIT,BEN,0.104,0.0,11.74,19.67,3.42,1.0,5,TRP215;GLY216;SER217;GLY219;PRO225,True
3PTB,BEN,1HJ8,BEN,1.056,0.0,11.74,19.67,3.42,1.0,5,TRP215;GLY216;SER217;GLY219;PRO225,True
3PTB,BEN,1MBQ,BEN,0.684,-4.442,11.74,19.67,3.42,1.0,5,TRP215;GLY216;SER217;GLY219;PRO225,True
3PTB,BEN,1PQA,SEB,0.828,-4.791,11.74,19.67,3.42,1.0,5,TRP215;GLY216;SER217;GLY219;PRO225,True
3PTB,BEN,1TRY,ISP,0.38,-1.463,11.74,19.67,3.42,1.0,5,TRP215;GLY216;SER217;GLY219;PRO225,True
3PTB,BEN,1UTJ,ABN,0.7,-1.537,11.74,19.67,3.42,1.0,5,TRP215;GLY216;SER217;GLY219;PRO225,True
3PTB,BEN,1UTM,PEA,0.952,0.0,11.74,19.67,3.42,1.0,5,TRP215;GLY216;SER217;GLY219;PRO225,True
3PTB,BEN,5PTP,MIS,1.254,-4.072,11.74,19.67,3.42,1.0,5,TRP215;GLY216;SER217;GLY219;PRO225,True
5PTP,MIS,1A0J,BEN,0.021,0.0,11.55,25.64,3.98,1.0,5,CYS58;SER190;GLN192;GLY216;CYS220,True
5PTP,MIS,1BIT,BEN,0.104,0.0,11.55,25.64,3.98,1.0,5,CYS58;SER190;GLN192;GLY216;CYS220,True
5PTP,MIS,1HJ8,BEN,1.056,0.0,11.55,25.64,3.98,1.0,5,CYS58;SER190;GLN192;GLY216;CYS220,True
5PTP,MIS,1MBQ,BEN,1.083,-5.151,11.55,25.64,3.98,1.0,5,CYS58;SER190;GLN192;GLY216;CYS220,True
5PTP,MIS,1PQA,SEB,1.376,-3.961,11.55,25.64,3.98,1.0,5,CYS58;SER190;GLN192;GLY216;CYS220,True
5PTP,MIS,1TRY,ISP,0.653,-0.7879,11.55,25.64,3.98,1.0,5,CYS58;SER190;GLN192;GLY216;CYS220,True
5PTP,MIS,1UTJ,ABN,0.501,-2.29,11.55,25.64,3.98,1.0,5,CYS58;SER190;GLN192;GLY216;CYS220,True
5PTP,MIS,1UTM,PEA,0.952,0.0,11.55,25.64,3.98,1.0,5,CYS58;SER190;GLN192;GLY216;CYS220,True
5PTP,MIS,3PTB,BEN,0.118,-4.025,11.55,25.64,3.98,1.0,5,CYS58;SER190;GLN192;GLY216;CYS220,True
