receptor,ligand_from,rmsd,affinity,receptor_pocket_avg_bfactor,receptor_pocket_max_bfactor,receptor_pocket_std_bfactor,receptor_mean_relative_bfactor,n_high_bfactor_residues,high_bfactor_residues,success
3PXF,3PXY,0.83,0.0,28.04,58.58,14.21,1.0,6,TYR15;ILE35;LEU37;VAL44;VAL154;VAL156,True
3PXF,3PXZ,1.445,-2.28,28.04,58.58,14.21,1.0,6,TYR15;ILE35;LEU37;VAL44;VAL154;VAL156,True
3PXF,3PY0,0.601,0.0,28.04,58.58,14.21,1.0,6,TYR15;ILE35;LEU37;VAL44;VAL154;VAL156,True
3PXF,3QQF,2.18,0.0,28.04,58.58,14.21,1.0,6,TYR15;ILE35;LEU37;VAL44;VAL154;VAL156,False
3PXF,3QQJ,0.666,0.0,28.04,58.58,14.21,1.0,6,TYR15;ILE35;LEU37;VAL44;VAL154;VAL156,True
3PXF,3QRT,1.86,0.0,28.04,58.58,14.21,1.0,6,TYR15;ILE35;LEU37;VAL44;VAL154;VAL156,True
3PXF,3QWJ,1.594,0.0,28.04,58.58,14.21,1.0,6,TYR15;ILE35;LEU37;VAL44;VAL154;VAL156,True
3PXF,3QWK,1.722,0.0,28.04,58.58,14.21,1.0,6,TYR15;ILE35;LEU37;VAL44;VAL154;VAL156,True
3PXF,3QX2,2.733,0.0,28.04,58.58,14.21,1.0,6,TYR15;ILE35;LEU37;VAL44;VAL154;VAL156,False
3PXF,3QXO,2.39,0.0,28.04,58.58,14.21,1.0,6,TYR15;ILE35;LEU37;VAL44;VAL154;VAL156,False
3PXF,3QZG,1.126,0.0,28.04,58.58,14.21,1.0,6,TYR15;ILE35;LEU37;VAL44;VAL154;VAL156,True
3PXF,3QZI,1.577,0.0,28.04,58.58,14.21,1.0,6,TYR15;ILE35;LEU37;VAL44;VAL154;VAL156,True
3PXF,3R1Q,1.615,0.0,28.04,58.58,14.21,1.0,6,TYR15;ILE35;LEU37;VAL44;VAL154;VAL156,True
3PXF,3R1S,2.31,0.0,28.04,58.58,14.21,1.0,6,TYR15;ILE35;LEU37;VAL44;VAL154;VAL156,False
3PXF,3R1Y,2.052,0.0,28.04,58.58,14.21,1.0,6,TYR15;ILE35;LEU37;VAL44;VAL154;VAL156,False
3PXF,3R28,1.722,0.0,28.04,58.58,14.21,1.0,6,TYR15;ILE35;LEU37;VAL44;VAL154;VAL156,True
3PXF,3R6X,2.654,0.0,28.04,58.58,14.21,1.0,6,TYR15;ILE35;LEU37;VAL44;VAL154;VAL156,False
3PXF,3R71,2.418,0.0,28.04,58.58,14.21,1.0,6,TYR15;ILE35;LEU37;VAL44;VAL154;VAL156,False
3PXF,3R73,2.61,0.0,28.04,58.58,14.21,1.0,6,TYR15;ILE35;LEU37;VAL44;VAL154;VAL156,False
3PXF,3R7U,2.446,0.0,28.04,58.58,14.21,1.0,6,TYR15;ILE35;LEU37;VAL44;VAL154;VAL156,False
3PXF,3R83,1.988,0.0,28.04,58.58,14.21,1.0,6,TYR15;ILE35;LEU37;VAL44;VAL154;VAL156,True
3PXF,3R8M,0.724,0.0,28.04,58.58,14.21,1.0,6,TYR15;ILE35;LEU37;VAL44;VAL154;VAL156,True
3PXF,3R8P,1.149,0.0,28.04,58.58,14.21,1.0,6,TYR15;ILE35;LEU37;VAL44;VAL154;VAL156,True
3PXF,3RAI,2.637,0.0,28.04,58.58,14.21,1.0,6,TYR15;ILE35;LEU37;VAL44;VAL154;VAL156,False
3PXF,3RM6,2.611,0.0,28.04,58.58,14.21,1.0,6,TYR15;ILE35;LEU37;VAL44;VAL154;VAL156,False
3PXF,3ROY,2.182,0.0,28.04,58.58,14.21,1.0,6,TYR15;ILE35;LEU37;VAL44;VAL154;VAL156,False
3PXF,3RPO,2.47,0.0,28.04,58.58,14.21,1.0,6,TYR15;ILE35;LEU37;VAL44;VAL154;VAL156,False
3PXF,5MHQ,2.156,0.0,28.04,58.58,14.21,1.0,6,TYR15;ILE35;LEU37;VAL44;VAL154;VAL156,False
3PXY,3PXF,1.433,0.0,23.95,43.59,8.51,1.0,5,ILE10;GLY11;VAL18;LYS33;ASP145,True
3PXY,3PXZ,1.055,0.0,23.95,43.59,8.51,1.0,5,ILE10;GLY11;VAL18;LYS33;ASP145,True
3PXY,3PY0,0.601,0.0,23.95,43.59,8.51,1.0,5,ILE10;GLY11;VAL18;LYS33;ASP145,True
3PXY,3QQF,2.195,-0.03837,23.95,43.59,8.51,1.0,5,ILE10;GLY11;VAL18;LYS33;ASP145,False
3PXY,3QQJ,0.666,0.0,23.95,43.59,8.51,1.0,5,ILE10;GLY11;VAL18;LYS33;ASP145,True
3PXY,3QRT,1.861,0.0,23.95,43.59,8.51,1.0,5,ILE10;GLY11;VAL18;LYS33;ASP145,True
3PXY,3QWJ,1.594,0.0,23.95,43.59,8.51,1.0,5,ILE10;GLY11;VAL18;LYS33;ASP145,True
3PXY,3QWK,1.721,0.0,23.95,43.59,8.51,1.0,5,ILE10;GLY11;VAL18;LYS33;ASP145,True
3PXY,3QX2,2.708,0.0,23.95,43.59,8.51,1.0,5,ILE10;GLY11;VAL18;LYS33;ASP145,False
3PXY,3QXO,2.389,0.0,23.95,43.59,8.51,1.0,5,ILE10;GLY11;VAL18;LYS33;ASP145,False
3PXY,3QZG,1.138,-0.7264,23.95,43.59,8.51,1.0,5,ILE10;GLY11;VAL18;LYS33;ASP145,True
3PXY,3QZI,1.577,0.0,23.95,43.59,8.51,1.0,5,ILE10;GLY11;VAL18;LYS33;ASP145,True
3PXY,3R1Q,1.614,0.0,23.95,43.59,8.51,1.0,5,ILE10;GLY11;VAL18;LYS33;ASP145,True
3PXY,3R1S,2.31,0.0,23.95,43.59,8.51,1.0,5,ILE10;GLY11;VAL18;LYS33;ASP145,False
3PXY,3R1Y,2.052,0.0,23.95,43.59,8.51,1.0,5,ILE10;GLY11;VAL18;LYS33;ASP145,False
3PXY,3R28,1.722,0.0,23.95,43.59,8.51,1.0,5,ILE10;GLY11;VAL18;LYS33;ASP145,True
3PXY,3R6X,2.655,0.0,23.95,43.59,8.51,1.0,5,ILE10;GLY11;VAL18;LYS33;ASP145,False
3PXY,3R71,2.362,0.0,23.95,43.59,8.51,1.0,5,ILE10;GLY11;VAL18;LYS33;ASP145,False
3PXY,3R73,2.61,0.0,23.95,43.59,8.51,1.0,5,ILE10;GLY11;VAL18;LYS33;ASP145,False
3PXY,3R7U,2.446,0.0,23.95,43.59,8.51,1.0,5,ILE10;GLY11;VAL18;LYS33;ASP145,False
3PXY,3R83,1.988,0.0,23.95,43.59,8.51,1.0,5,ILE10;GLY11;VAL18;LYS33;ASP145,True
3PXY,3R8M,0.724,0.0,23.95,43.59,8.51,1.0,5,ILE10;GLY11;VAL18;LYS33;ASP145,True
3PXY,3R8P,1.151,0.0,23.95,43.59,8.51,1.0,5,ILE10;GLY11;VAL18;LYS33;ASP145,True
3PXY,3RAI,2.638,0.0,23.95,43.59,8.51,1.0,5,ILE10;GLY11;VAL18;LYS33;ASP145,False
3PXY,3RM6,2.886,-2.628,23.95,43.59,8.51,1.0,5,ILE10;GLY11;VAL18;LYS33;ASP145,False
3PXY,3ROY,2.185,0.0,23.95,43.59,8.51,1.0,5,ILE10;GLY11;VAL18;LYS33;ASP145,False
3PXY,3RPO,2.47,0.0,23.95,43.59,8.51,1.0,5,ILE10;GLY11;VAL18;LYS33;ASP145,False
3PXY,5MHQ,2.155,0.0,23.95,43.59,8.51,1.0,5,ILE10;GLY11;VAL18;LYS33;ASP145,False
3PXZ,3PXF,1.433,0.0,24.54,52.42,11.86,1.0,6,TYR15;LEU37;VAL44;ALA149;VAL154;VAL156,True
3PXZ,3PXY,0.83,0.0,24.54,52.42,11.86,1.0,6,TYR15;LEU37;VAL44;ALA149;VAL154;VAL156,True
3PXZ,3PY0,0.6,0.0,24.54,52.42,11.86,1.0,6,TYR15;LEU37;VAL44;ALA149;VAL154;VAL156,True
3PXZ,3QQF,2.181,0.0,24.54,52.42,11.86,1.0,6,TYR15;LEU37;VAL44;ALA149;VAL154;VAL156,False
3PXZ,3QQJ,0.666,0.0,24.54,52.42,11.86,1.0,6,TYR15;LEU37;VAL44;ALA149;VAL154;VAL156,True
3PXZ,3QRT,1.861,0.0,24.54,52.42,11.86,1.0,6,TYR15;LEU37;VAL44;ALA149;VAL154;VAL156,True
3PXZ,3QWJ,1.594,0.0,24.54,52.42,11.86,1.0,6,TYR15;LEU37;VAL44;ALA149;VAL154;VAL156,True
3PXZ,3QWK,1.722,0.0,24.54,52.42,11.86,1.0,6,TYR15;LEU37;VAL44;ALA149;VAL154;VAL156,True
3PXZ,3QX2,2.709,0.0,24.54,52.42,11.86,1.0,6,TYR15;LEU37;VAL44;ALA149;VAL154;VAL156,False
3PXZ,3QXO,2.389,0.0,24.54,52.42,11.86,1.0,6,TYR15;LEU37;VAL44;ALA149;VAL154;VAL156,False
3PXZ,3QZG,1.126,0.0,24.54,52.42,11.86,1.0,6,TYR15;LEU37;VAL44;ALA149;VAL154;VAL156,True
3PXZ,3QZI,1.577,0.0,24.54,52.42,11.86,1.0,6,TYR15;LEU37;VAL44;ALA149;VAL154;VAL156,True
3PXZ,3R1Q,1.613,0.0,24.54,52.42,11.86,1.0,6,TYR15;LEU37;VAL44;ALA149;VAL154;VAL156,True
3PXZ,3R1S,2.31,0.0,24.54,52.42,11.86,1.0,6,TYR15;LEU37;VAL44;ALA149;VAL154;VAL156,False
3PXZ,3R1Y,2.052,0.0,24.54,52.42,11.86,1.0,6,TYR15;LEU37;VAL44;ALA149;VAL154;VAL156,False
3PXZ,3R28,1.722,0.0,24.54,52.42,11.86,1.0,6,TYR15;LEU37;VAL44;ALA149;VAL154;VAL156,True
3PXZ,3R6X,2.654,0.0,24.54,52.42,11.86,1.0,6,TYR15;LEU37;VAL44;ALA149;VAL154;VAL156,False
3PXZ,3R71,2.419,0.0,24.54,52.42,11.86,1.0,6,TYR15;LEU37;VAL44;ALA149;VAL154;VAL156,False
3PXZ,3R73,2.61,0.0,24.54,52.42,11.86,1.0,6,TYR15;LEU37;VAL44;ALA149;VAL154;VAL156,False
3PXZ,3R7U,2.445,0.0,24.54,52.42,11.86,1.0,6,TYR15;LEU37;VAL44;ALA149;VAL154;VAL156,False
3PXZ,3R83,1.989,0.0,24.54,52.42,11.86,1.0,6,TYR15;LEU37;VAL44;ALA149;VAL154;VAL156,True
3PXZ,3R8M,0.724,0.0,24.54,52.42,11.86,1.0,6,TYR15;LEU37;VAL44;ALA149;VAL154;VAL156,True
3PXZ,3R8P,1.15,0.0,24.54,52.42,11.86,1.0,6,TYR15;LEU37;VAL44;ALA149;VAL154;VAL156,True
3PXZ,3RAI,2.638,0.0,24.54,52.42,11.86,1.0,6,TYR15;LEU37;VAL44;ALA149;VAL154;VAL156,False
3PXZ,3RM6,2.611,0.0,24.54,52.42,11.86,1.0,6,TYR15;LEU37;VAL44;ALA149;VAL154;VAL156,False
3PXZ,3ROY,2.185,0.0,24.54,52.42,11.86,1.0,6,TYR15;LEU37;VAL44;ALA149;VAL154;VAL156,False
3PXZ,3RPO,2.544,-0.203,24.54,52.42,11.86,1.0,6,TYR15;LEU37;VAL44;ALA149;VAL154;VAL156,False
3PXZ,5MHQ,2.155,0.0,24.54,52.42,11.86,1.0,6,TYR15;LEU37;VAL44;ALA149;VAL154;VAL156,False
3PY0,3PXF,1.433,0.0,24.6,39.37,6.09,1.0,5,ILE10;VAL18;LYS33;GLN131;ASP145,True
3PY0,3PXY,0.83,0.0,24.6,39.37,6.09,1.0,5,ILE10;VAL18;LYS33;GLN131;ASP145,True
3PY0,3PXZ,1.054,0.0,24.6,39.37,6.09,1.0,5,ILE10;VAL18;LYS33;GLN131;ASP145,True
3PY0,3QQF,2.179,0.0,24.6,39.37,6.09,1.0,5,ILE10;VAL18;LYS33;GLN131;ASP145,False
3PY0,3QQJ,0.666,0.0,24.6,39.37,6.09,1.0,5,ILE10;VAL18;LYS33;GLN131;ASP145,True
3PY0,3QRT,1.863,0.0,24.6,39.37,6.09,1.0,5,ILE10;VAL18;LYS33;GLN131;ASP145,True
3PY0,3QWJ,1.594,0.0,24.6,39.37,6.09,1.0,5,ILE10;VAL18;LYS33;GLN131;ASP145,True
3PY0,3QWK,1.721,0.0,24.6,39.37,6.09,1.0,5,ILE10;VAL18;LYS33;GLN131;ASP145,True
3PY0,3QX2,2.708,0.0,24.6,39.37,6.09,1.0,5,ILE10;VAL18;LYS33;GLN131;ASP145,False
3PY0,3QXO,2.388,0.0,24.6,39.37,6.09,1.0,5,ILE10;VAL18;LYS33;GLN131;ASP145,False
3PY0,3QZG,1.126,0.0,24.6,39.37,6.09,1.0,5,ILE10;VAL18;LYS33;GLN131;ASP145,True
3PY0,3QZI,1.577,0.0,24.6,39.37,6.09,1.0,5,ILE10;VAL18;LYS33;GLN131;ASP145,True
3PY0,3R1Q,1.615,0.0,24.6,39.37,6.09,1.0,5,ILE10;VAL18;LYS33;GLN131;ASP145,True
3PY0,3R1S,2.31,0.0,24.6,39.37,6.09,1.0,5,ILE10;VAL18;LYS33;GLN131;ASP145,False
3PY0,3R1Y,2.052,0.0,24.6,39.37,6.09,1.0,5,ILE10;VAL18;LYS33;GLN131;ASP145,False
3PY0,3R28,1.722,0.0,24.6,39.37,6.09,1.0,5,ILE10;VAL18;LYS33;GLN131;ASP145,True
3PY0,3R6X,2.656,0.0,24.6,39.37,6.09,1.0,5,ILE10;VAL18;LYS33;GLN131;ASP145,False
3PY0,3R71,2.419,0.0,24.6,39.37,6.09,1.0,5,ILE10;VAL18;LYS33;GLN131;ASP145,False
3PY0,3R73,2.61,0.0,24.6,39.37,6.09,1.0,5,ILE10;VAL18;LYS33;GLN131;ASP145,False
3PY0,3R7U,2.445,0.0,24.6,39.37,6.09,1.0,5,ILE10;VAL18;LYS33;GLN131;ASP145,False
3PY0,3R83,1.988,0.0,24.6,39.37,6.09,1.0,5,ILE10;VAL18;LYS33;GLN131;ASP145,True
3PY0,3R8M,0.724,0.0,24.6,39.37,6.09,1.0,5,ILE10;VAL18;LYS33;GLN131;ASP145,True
3PY0,3R8P,1.151,0.0,24.6,39.37,6.09,1.0,5,ILE10;VAL18;LYS33;GLN131;ASP145,True
3PY0,3RAI,2.674,0.0,24.6,39.37,6.09,1.0,5,ILE10;VAL18;LYS33;GLN131;ASP145,False
3PY0,3RM6,2.609,0.0,24.6,39.37,6.09,1.0,5,ILE10;VAL18;LYS33;GLN131;ASP145,False
3PY0,3ROY,2.182,0.0,24.6,39.37,6.09,1.0,5,ILE10;VAL18;LYS33;GLN131;ASP145,False
3PY0,3RPO,2.47,0.0,24.6,39.37,6.09,1.0,5,ILE10;VAL18;LYS33;GLN131;ASP145,False
3PY0,5MHQ,2.155,0.0,24.6,39.37,6.09,1.0,5,ILE10;VAL18;LYS33;GLN131;ASP145,False
3QQF,3PXF,1.433,0.0,27.94,63.14,17.38,1.0,4,GLU8;ILE10;GLY13;LYS33,True
3QQF,3PXY,0.83,0.0,27.94,63.14,17.38,1.0,4,GLU8;ILE10;GLY13;LYS33,True
3QQF,3PXZ,1.054,0.0,27.94,63.14,17.38,1.0,4,GLU8;ILE10;GLY13;LYS33,True
3QQF,3PY0,0.6,0.0,27.94,63.14,17.38,1.0,4,GLU8;ILE10;GLY13;LYS33,True
3QQF,3QQJ,0.666,0.0,27.94,63.14,17.38,1.0,4,GLU8;ILE10;GLY13;LYS33,True
3QQF,3QRT,1.86,0.0,27.94,63.14,17.38,1.0,4,GLU8;ILE10;GLY13;LYS33,True
3QQF,3QWJ,1.594,0.0,27.94,63.14,17.38,1.0,4,GLU8;ILE10;GLY13;LYS33,True
3QQF,3QWK,1.722,0.0,27.94,63.14,17.38,1.0,4,GLU8;ILE10;GLY13;LYS33,True
3QQF,3QX2,2.708,0.0,27.94,63.14,17.38,1.0,4,GLU8;ILE10;GLY13;LYS33,False
3QQF,3QXO,2.391,0.0,27.94,63.14,17.38,1.0,4,GLU8;ILE10;GLY13;LYS33,False
3QQF,3QZG,1.126,0.0,27.94,63.14,17.38,1.0,4,GLU8;ILE10;GLY13;LYS33,True
3QQF,3QZI,1.577,0.0,27.94,63.14,17.38,1.0,4,GLU8;ILE10;GLY13;LYS33,True
3QQF,3R1Q,1.614,0.0,27.94,63.14,17.38,1.0,4,GLU8;ILE10;GLY13;LYS33,True
3QQF,3R1S,2.31,0.0,27.94,63.14,17.38,1.0,4,GLU8;ILE10;GLY13;LYS33,False
3QQF,3R1Y,2.052,0.0,27.94,63.14,17.38,1.0,4,GLU8;ILE10;GLY13;LYS33,False
3QQF,3R28,1.722,0.0,27.94,63.14,17.38,1.0,4,GLU8;ILE10;GLY13;LYS33,True
3QQF,3R6X,2.655,0.0,27.94,63.14,17.38,1.0,4,GLU8;ILE10;GLY13;LYS33,False
3QQF,3R71,2.362,0.0,27.94,63.14,17.38,1.0,4,GLU8;ILE10;GLY13;LYS33,False
3QQF,3R73,2.611,0.0,27.94,63.14,17.38,1.0,4,GLU8;ILE10;GLY13;LYS33,False
3QQF,3R7U,1.726,-0.1184,27.94,63.14,17.38,1.0,4,GLU8;ILE10;GLY13;LYS33,True
3QQF,3R83,1.989,0.0,27.94,63.14,17.38,1.0,4,GLU8;ILE10;GLY13;LYS33,True
3QQF,3R8M,0.725,0.0,27.94,63.14,17.38,1.0,4,GLU8;ILE10;GLY13;LYS33,True
3QQF,3R8P,1.15,0.0,27.94,63.14,17.38,1.0,4,GLU8;ILE10;GLY13;LYS33,True
3QQF,3RAI,2.674,0.0,27.94,63.14,17.38,1.0,4,GLU8;ILE10;GLY13;LYS33,False
3QQF,3RM6,2.611,0.0,27.94,63.14,17.38,1.0,4,GLU8;ILE10;GLY13;LYS33,False
3QQF,3ROY,2.262,0.0,27.94,63.14,17.38,1.0,4,GLU8;ILE10;GLY13;LYS33,False
3QQF,3RPO,2.47,0.0,27.94,63.14,17.38,1.0,4,GLU8;ILE10;GLY13;LYS33,False
3QQF,5MHQ,2.155,0.0,27.94,63.14,17.38,1.0,4,GLU8;ILE10;GLY13;LYS33,False
3QQJ,3PXF,1.433,0.0,19.31,32.48,5.44,1.0,5,ILE10;GLY11;VAL18;LYS89;ASP145,True
3QQJ,3PXY,0.83,0.0,19.31,32.48,5.44,1.0,5,ILE10;GLY11;VAL18;LYS89;ASP145,True
3QQJ,3PXZ,1.055,0.0,19.31,32.48,5.44,1.0,5,ILE10;GLY11;VAL18;LYS89;ASP145,True
3QQJ,3PY0,0.6,0.0,19.31,32.48,5.44,1.0,5,ILE10;GLY11;VAL18;LYS89;ASP145,True
3QQJ,3QQF,2.18,0.0,19.31,32.48,5.44,1.0,5,ILE10;GLY11;VAL18;LYS89;ASP145,False
3QQJ,3QRT,1.861,0.0,19.31,32.48,5.44,1.0,5,ILE10;GLY11;VAL18;LYS89;ASP145,True
3QQJ,3QWJ,2.598,-0.4535,19.31,32.48,5.44,1.0,5,ILE10;GLY11;VAL18;LYS89;ASP145,False
3QQJ,3QWK,1.721,0.0,19.31,32.48,5.44,1.0,5,ILE10;GLY11;VAL18;LYS89;ASP145,True
3QQJ,3QX2,2.709,0.0,19.31,32.48,5.44,1.0,5,ILE10;GLY11;VAL18;LYS89;ASP145,False
3QQJ,3QXO,1.223,-4.624,19.31,32.48,5.44,1.0,5,ILE10;GLY11;VAL18;LYS89;ASP145,True
3QQJ,3QZG,1.126,0.0,19.31,32.48,5.44,1.0,5,ILE10;GLY11;VAL18;LYS89;ASP145,True
3QQJ,3QZI,1.577,0.0,19.31,32.48,5.44,1.0,5,ILE10;GLY11;VAL18;LYS89;ASP145,True
3QQJ,3R1Q,1.613,0.0,19.31,32.48,5.44,1.0,5,ILE10;GLY11;VAL18;LYS89;ASP145,True
3QQJ,3R1S,2.31,0.0,19.31,32.48,5.44,1.0,5,ILE10;GLY11;VAL18;LYS89;ASP145,False
3QQJ,3R1Y,2.052,0.0,19.31,32.48,5.44,1.0,5,ILE10;GLY11;VAL18;LYS89;ASP145,False
3QQJ,3R28,1.722,0.0,19.31,32.48,5.44,1.0,5,ILE10;GLY11;VAL18;LYS89;ASP145,True
3QQJ,3R6X,2.654,0.0,19.31,32.48,5.44,1.0,5,ILE10;GLY11;VAL18;LYS89;ASP145,False
3QQJ,3R71,2.419,0.0,19.31,32.48,5.44,1.0,5,ILE10;GLY11;VAL18;LYS89;ASP145,False
3QQJ,3R73,2.61,0.0,19.31,32.48,5.44,1.0,5,ILE10;GLY11;VAL18;LYS89;ASP145,False
3QQJ,3R7U,2.446,0.0,19.31,32.48,5.44,1.0,5,ILE10;GLY11;VAL18;LYS89;ASP145,False
3QQJ,3R83,1.989,0.0,19.31,32.48,5.44,1.0,5,ILE10;GLY11;VAL18;LYS89;ASP145,True
3QQJ,3R8M,0.725,0.0,19.31,32.48,5.44,1.0,5,ILE10;GLY11;VAL18;LYS89;ASP145,True
3QQJ,3R8P,1.15,0.0,19.31,32.48,5.44,1.0,5,ILE10;GLY11;VAL18;LYS89;ASP145,True
3QQJ,3RAI,2.638,0.0,19.31,32.48,5.44,1.0,5,ILE10;GLY11;VAL18;LYS89;ASP145,False
3QQJ,3RM6,2.611,0.0,19.31,32.48,5.44,1.0,5,ILE10;GLY11;VAL18;LYS89;ASP145,False
3QQJ,3ROY,2.182,0.0,19.31,32.48,5.44,1.0,5,ILE10;GLY11;VAL18;LYS89;ASP145,False
3QQJ,3RPO,2.47,0.0,19.31,32.48,5.44,1.0,5,ILE10;GLY11;VAL18;LYS89;ASP145,False
3QQJ,5MHQ,2.155,0.0,19.31,32.48,5.44,1.0,5,ILE10;GLY11;VAL18;LYS89;ASP145,False
3QQL,3PXF,1.433,0.0,21.49,30.52,4.43,1.0,5,ILE10;PHE80;HIS84;GLN85;GLN131,True
3QQL,3PXY,0.83,0.0,21.49,30.52,4.43,1.0,5,ILE10;PHE80;HIS84;GLN85;GLN131,True
3QQL,3PXZ,1.055,0.0,21.49,30.52,4.43,1.0,5,ILE10;PHE80;HIS84;GLN85;GLN131,True
3QQL,3PY0,0.601,0.0,21.49,30.52,4.43,1.0,5,ILE10;PHE80;HIS84;GLN85;GLN131,True
3QQL,3QQF,2.18,0.0,21.49,30.52,4.43,1.0,5,ILE10;PHE80;HIS84;GLN85;GLN131,False
3QQL,3QQJ,0.666,0.0,21.49,30.52,4.43,1.0,5,ILE10;PHE80;HIS84;GLN85;GLN131,True
3QQL,3QRT,1.861,0.0,21.49,30.52,4.43,1.0,5,ILE10;PHE80;HIS84;GLN85;GLN131,True
3QQL,3QWJ,1.594,0.0,21.49,30.52,4.43,1.0,5,ILE10;PHE80;HIS84;GLN85;GLN131,True
3QQL,3QWK,1.721,0.0,21.49,30.52,4.43,1.0,5,ILE10;PHE80;HIS84;GLN85;GLN131,True
3QQL,3QX2,2.711,0.0,21.49,30.52,4.43,1.0,5,ILE10;PHE80;HIS84;GLN85;GLN131,False
3QQL,3QXO,2.39,0.0,21.49,30.52,4.43,1.0,5,ILE10;PHE80;HIS84;GLN85;GLN131,False
3QQL,3QZG,1.126,0.0,21.49,30.52,4.43,1.0,5,ILE10;PHE80;HIS84;GLN85;GLN131,True
3QQL,3QZI,1.577,0.0,21.49,30.52,4.43,1.0,5,ILE10;PHE80;HIS84;GLN85;GLN131,True
3QQL,3R1Q,1.614,0.0,21.49,30.52,4.43,1.0,5,ILE10;PHE80;HIS84;GLN85;GLN131,True
3QQL,3R1S,2.31,0.0,21.49,30.52,4.43,1.0,5,ILE10;PHE80;HIS84;GLN85;GLN131,False
3QQL,3R1Y,2.052,0.0,21.49,30.52,4.43,1.0,5,ILE10;PHE80;HIS84;GLN85;GLN131,False
3QQL,3R28,1.722,0.0,21.49,30.52,4.43,1.0,5,ILE10;PHE80;HIS84;GLN85;GLN131,True
3QQL,3R6X,2.655,0.0,21.49,30.52,4.43,1.0,5,ILE10;PHE80;HIS84;GLN85;GLN131,False
3QQL,3R71,2.419,0.0,21.49,30.52,4.43,1.0,5,ILE10;PHE80;HIS84;GLN85;GLN131,False
3QQL,3R73,2.611,0.0,21.49,30.52,4.43,1.0,5,ILE10;PHE80;HIS84;GLN85;GLN131,False
3QQL,3R7U,2.445,0.0,21.49,30.52,4.43,1.0,5,ILE10;PHE80;HIS84;GLN85;GLN131,False
3QQL,3R83,1.988,0.0,21.49,30.52,4.43,1.0,5,ILE10;PHE80;HIS84;GLN85;GLN131,True
3QQL,3R8M,0.724,0.0,21.49,30.52,4.43,1.0,5,ILE10;PHE80;HIS84;GLN85;GLN131,True
3QQL,3R8P,1.15,0.0,21.49,30.52,4.43,1.0,5,ILE10;PHE80;HIS84;GLN85;GLN131,True
3QQL,3RAI,2.674,0.0,21.49,30.52,4.43,1.0,5,ILE10;PHE80;HIS84;GLN85;GLN131,False
3QQL,3RM6,2.611,0.0,21.49,30.52,4.43,1.0,5,ILE10;PHE80;HIS84;GLN85;GLN131,False
3QQL,3ROY,2.182,0.0,21.49,30.52,4.43,1.0,5,ILE10;PHE80;HIS84;GLN85;GLN131,False
3QQL,3RPO,2.47,0.0,21.49,30.52,4.43,1.0,5,ILE10;PHE80;HIS84;GLN85;GLN131,False
3QQL,5MHQ,2.155,0.0,21.49,30.52,4.43,1.0,5,ILE10;PHE80;HIS84;GLN85;GLN131,False
3QRT,3PXF,1.433,0.0,18.01,39.14,7.38,1.0,5,ILE10;VAL18;LYS33;LYS89;ASP145,True
3QRT,3PXY,0.83,0.0,18.01,39.14,7.38,1.0,5,ILE10;VAL18;LYS33;LYS89;ASP145,True
3QRT,3PXZ,1.055,0.0,18.01,39.14,7.38,1.0,5,ILE10;VAL18;LYS33;LYS89;ASP145,True
3QRT,3PY0,0.6,0.0,18.01,39.14,7.38,1.0,5,ILE10;VAL18;LYS33;LYS89;ASP145,True
3QRT,3QQF,2.179,0.0,18.01,39.14,7.38,1.0,5,ILE10;VAL18;LYS33;LYS89;ASP145,False
3QRT,3QQJ,0.666,0.0,18.01,39.14,7.38,1.0,5,ILE10;VAL18;LYS33;LYS89;ASP145,True
3QRT,3QWJ,1.594,0.0,18.01,39.14,7.38,1.0,5,ILE10;VAL18;LYS33;LYS89;ASP145,True
3QRT,3QWK,1.722,0.0,18.01,39.14,7.38,1.0,5,ILE10;VAL18;LYS33;LYS89;ASP145,True
3QRT,3QX2,2.71,0.0,18.01,39.14,7.38,1.0,5,ILE10;VAL18;LYS33;LYS89;ASP145,False
3QRT,3QXO,2.523,0.0,18.01,39.14,7.38,1.0,5,ILE10;VAL18;LYS33;LYS89;ASP145,False
3QRT,3QZG,1.126,0.0,18.01,39.14,7.38,1.0,5,ILE10;VAL18;LYS33;LYS89;ASP145,True
3QRT,3QZI,1.576,0.0,18.01,39.14,7.38,1.0,5,ILE10;VAL18;LYS33;LYS89;ASP145,True
3QRT,3R1Q,1.613,0.0,18.01,39.14,7.38,1.0,5,ILE10;VAL18;LYS33;LYS89;ASP145,True
3QRT,3R1S,2.31,0.0,18.01,39.14,7.38,1.0,5,ILE10;VAL18;LYS33;LYS89;ASP145,False
3QRT,3R1Y,2.052,0.0,18.01,39.14,7.38,1.0,5,ILE10;VAL18;LYS33;LYS89;ASP145,False
3QRT,3R28,1.722,0.0,18.01,39.14,7.38,1.0,5,ILE10;VAL18;LYS33;LYS89;ASP145,True
3QRT,3R6X,2.654,0.0,18.01,39.14,7.38,1.0,5,ILE10;VAL18;LYS33;LYS89;ASP145,False
3QRT,3R71,2.377,-5.752,18.01,39.14,7.38,1.0,5,ILE10;VAL18;LYS33;LYS89;ASP145,False
3QRT,3R73,2.079,-6.139,18.01,39.14,7.38,1.0,5,ILE10;VAL18;LYS33;LYS89;ASP145,False
3QRT,3R7U,2.445,0.0,18.01,39.14,7.38,1.0,5,ILE10;VAL18;LYS33;LYS89;ASP145,False
3QRT,3R83,1.988,0.0,18.01,39.14,7.38,1.0,5,ILE10;VAL18;LYS33;LYS89;ASP145,True
3QRT,3R8M,0.724,0.0,18.01,39.14,7.38,1.0,5,ILE10;VAL18;LYS33;LYS89;ASP145,True
3QRT,3R8P,1.15,0.0,18.01,39.14,7.38,1.0,5,ILE10;VAL18;LYS33;LYS89;ASP145,True
3QRT,3RAI,2.638,0.0,18.01,39.14,7.38,1.0,5,ILE10;VAL18;LYS33;LYS89;ASP145,False
3QRT,3RM6,2.61,0.0,18.01,39.14,7.38,1.0,5,ILE10;VAL18;LYS33;LYS89;ASP145,False
3QRT,3ROY,2.184,0.0,18.01,39.14,7.38,1.0,5,ILE10;VAL18;LYS33;LYS89;ASP145,False
3QRT,3RPO,2.47,0.0,18.01,39.14,7.38,1.0,5,ILE10;VAL18;LYS33;LYS89;ASP145,False
3QRT,5MHQ,2.156,0.0,18.01,39.14,7.38,1.0,5,ILE10;VAL18;LYS33;LYS89;ASP145,False
3QWJ,3PXF,1.433,0.0,27.17,60.71,14.13,1.0,5,GLU8;ILE10;GLY13;VAL18;ASP145,True
3QWJ,3PXY,0.83,0.0,27.17,60.71,14.13,1.0,5,GLU8;ILE10;GLY13;VAL18;ASP145,True
3QWJ,3PXZ,1.054,0.0,27.17,60.71,14.13,1.0,5,GLU8;ILE10;GLY13;VAL18;ASP145,True
3QWJ,3PY0,0.6,0.0,27.17,60.71,14.13,1.0,5,GLU8;ILE10;GLY13;VAL18;ASP145,True
3QWJ,3QQF,2.18,0.0,27.17,60.71,14.13,1.0,5,GLU8;ILE10;GLY13;VAL18;ASP145,False
3QWJ,3QQJ,0.666,0.0,27.17,60.71,14.13,1.0,5,GLU8;ILE10;GLY13;VAL18;ASP145,True
3QWJ,3QRT,1.861,0.0,27.17,60.71,14.13,1.0,5,GLU8;ILE10;GLY13;VAL18;ASP145,True
3QWJ,3QWK,1.722,0.0,27.17,60.71,14.13,1.0,5,GLU8;ILE10;GLY13;VAL18;ASP145,True
3QWJ,3QX2,2.733,0.0,27.17,60.71,14.13,1.0,5,GLU8;ILE10;GLY13;VAL18;ASP145,False
3QWJ,3QXO,2.408,-0.03611,27.17,60.71,14.13,1.0,5,GLU8;ILE10;GLY13;VAL18;ASP145,False
3QWJ,3QZG,1.126,0.0,27.17,60.71,14.13,1.0,5,GLU8;ILE10;GLY13;VAL18;ASP145,True
3QWJ,3QZI,1.576,0.0,27.17,60.71,14.13,1.0,5,GLU8;ILE10;GLY13;VAL18;ASP145,True
3QWJ,3R1Q,1.613,0.0,27.17,60.71,14.13,1.0,5,GLU8;ILE10;GLY13;VAL18;ASP145,True
3QWJ,3R1S,2.31,0.0,27.17,60.71,14.13,1.0,5,GLU8;ILE10;GLY13;VAL18;ASP145,False
3QWJ,3R1Y,2.052,0.0,27.17,60.71,14.13,1.0,5,GLU8;ILE10;GLY13;VAL18;ASP145,False
3QWJ,3R28,1.722,0.0,27.17,60.71,14.13,1.0,5,GLU8;ILE10;GLY13;VAL18;ASP145,True
3QWJ,3R6X,2.652,0.0,27.17,60.71,14.13,1.0,5,GLU8;ILE10;GLY13;VAL18;ASP145,False
3QWJ,3R71,2.419,0.0,27.17,60.71,14.13,1.0,5,GLU8;ILE10;GLY13;VAL18;ASP145,False
3QWJ,3R73,2.61,0.0,27.17,60.71,14.13,1.0,5,GLU8;ILE10;GLY13;VAL18;ASP145,False
3QWJ,3R7U,2.445,0.0,27.17,60.71,14.13,1.0,5,GLU8;ILE10;GLY13;VAL18;ASP145,False
3QWJ,3R83,1.989,0.0,27.17,60.71,14.13,1.0,5,GLU8;ILE10;GLY13;VAL18;ASP145,True
3QWJ,3R8M,0.724,0.0,27.17,60.71,14.13,1.0,5,GLU8;ILE10;GLY13;VAL18;ASP145,True
3QWJ,3R8P,1.15,0.0,27.17,60.71,14.13,1.0,5,GLU8;ILE10;GLY13;VAL18;ASP145,True
3QWJ,3RAI,2.674,0.0,27.17,60.71,14.13,1.0,5,GLU8;ILE10;GLY13;VAL18;ASP145,False
3QWJ,3RM6,2.611,0.0,27.17,60.71,14.13,1.0,5,GLU8;ILE10;GLY13;VAL18;ASP145,False
3QWJ,3ROY,2.182,0.0,27.17,60.71,14.13,1.0,5,GLU8;ILE10;GLY13;VAL18;ASP145,False
3QWJ,3RPO,2.47,0.0,27.17,60.71,14.13,1.0,5,GLU8;ILE10;GLY13;VAL18;ASP145,False
3QWJ,5MHQ,2.155,0.0,27.17,60.71,14.13,1.0,5,GLU8;ILE10;GLY13;VAL18;ASP145,False
3QWK,3PXF,1.433,0.0,28.8,62.77,16.44,1.0,5,GLU8;ILE10;GLU12;GLY13;ASP145,True
3QWK,3PXY,0.83,0.0,28.8,62.77,16.44,1.0,5,GLU8;ILE10;GLU12;GLY13;ASP145,True
3QWK,3PXZ,1.055,0.0,28.8,62.77,16.44,1.0,5,GLU8;ILE10;GLU12;GLY13;ASP145,True
3QWK,3PY0,0.601,0.0,28.8,62.77,16.44,1.0,5,GLU8;ILE10;GLU12;GLY13;ASP145,True
3QWK,3QQF,2.18,0.0,28.8,62.77,16.44,1.0,5,GLU8;ILE10;GLU12;GLY13;ASP145,False
3QWK,3QQJ,0.666,0.0,28.8,62.77,16.44,1.0,5,GLU8;ILE10;GLU12;GLY13;ASP145,True
3QWK,3QRT,1.86,0.0,28.8,62.77,16.44,1.0,5,GLU8;ILE10;GLU12;GLY13;ASP145,True
3QWK,3QWJ,1.594,0.0,28.8,62.77,16.44,1.0,5,GLU8;ILE10;GLU12;GLY13;ASP145,True
3QWK,3QX2,2.708,0.0,28.8,62.77,16.44,1.0,5,GLU8;ILE10;GLU12;GLY13;ASP145,False
3QWK,3QXO,2.39,0.0,28.8,62.77,16.44,1.0,5,GLU8;ILE10;GLU12;GLY13;ASP145,False
3QWK,3QZG,1.126,0.0,28.8,62.77,16.44,1.0,5,GLU8;ILE10;GLU12;GLY13;ASP145,True
3QWK,3QZI,1.576,0.0,28.8,62.77,16.44,1.0,5,GLU8;ILE10;GLU12;GLY13;ASP145,True
3QWK,3R1Q,1.614,0.0,28.8,62.77,16.44,1.0,5,GLU8;ILE10;GLU12;GLY13;ASP145,True
3QWK,3R1S,2.31,0.0,28.8,62.77,16.44,1.0,5,GLU8;ILE10;GLU12;GLY13;ASP145,False
3QWK,3R1Y,2.052,0.0,28.8,62.77,16.44,1.0,5,GLU8;ILE10;GLU12;GLY13;ASP145,False
3QWK,3R28,1.722,0.0,28.8,62.77,16.44,1.0,5,GLU8;ILE10;GLU12;GLY13;ASP145,True
3QWK,3R6X,2.654,0.0,28.8,62.77,16.44,1.0,5,GLU8;ILE10;GLU12;GLY13;ASP145,False
3QWK,3R71,2.361,0.0,28.8,62.77,16.44,1.0,5,GLU8;ILE10;GLU12;GLY13;ASP145,False
3QWK,3R73,2.61,0.0,28.8,62.77,16.44,1.0,5,GLU8;ILE10;GLU12;GLY13;ASP145,False
3QWK,3R7U,2.446,0.0,28.8,62.77,16.44,1.0,5,GLU8;ILE10;GLU12;GLY13;ASP145,False
3QWK,3R83,1.988,0.0,28.8,62.77,16.44,1.0,5,GLU8;ILE10;GLU12;GLY13;ASP145,True
3QWK,3R8M,0.724,0.0,28.8,62.77,16.44,1.0,5,GLU8;ILE10;GLU12;GLY13;ASP145,True
3QWK,3R8P,1.15,0.0,28.8,62.77,16.44,1.0,5,GLU8;ILE10;GLU12;GLY13;ASP145,True
3QWK,3RAI,2.674,0.0,28.8,62.77,16.44,1.0,5,GLU8;ILE10;GLU12;GLY13;ASP145,False
3QWK,3RM6,2.61,0.0,28.8,62.77,16.44,1.0,5,GLU8;ILE10;GLU12;GLY13;ASP145,False
3QWK,3ROY,2.182,0.0,28.8,62.77,16.44,1.0,5,GLU8;ILE10;GLU12;GLY13;ASP145,False
3QWK,3RPO,2.47,0.0,28.8,62.77,16.44,1.0,5,GLU8;ILE10;GLU12;GLY13;ASP145,False
3QWK,5MHQ,2.155,0.0,28.8,62.77,16.44,1.0,5,GLU8;ILE10;GLU12;GLY13;ASP145,False
3QX2,3PXF,1.433,0.0,25.32,51.62,10.74,1.0,5,ILE10;GLY11;GLY13;VAL18;LYS33,True
3QX2,3PXY,0.83,0.0,25.32,51.62,10.74,1.0,5,ILE10;GLY11;GLY13;VAL18;LYS33,True
3QX2,3PXZ,1.055,0.0,25.32,51.62,10.74,1.0,5,ILE10;GLY11;GLY13;VAL18;LYS33,True
3QX2,3PY0,0.6,0.0,25.32,51.62,10.74,1.0,5,ILE10;GLY11;GLY13;VAL18;LYS33,True
3QX2,3QQF,2.18,0.0,25.32,51.62,10.74,1.0,5,ILE10;GLY11;GLY13;VAL18;LYS33,False
3QX2,3QQJ,0.666,0.0,25.32,51.62,10.74,1.0,5,ILE10;GLY11;GLY13;VAL18;LYS33,True
3QX2,3QRT,1.861,0.0,25.32,51.62,10.74,1.0,5,ILE10;GLY11;GLY13;VAL18;LYS33,True
3QX2,3QWJ,1.594,0.0,25.32,51.62,10.74,1.0,5,ILE10;GLY11;GLY13;VAL18;LYS33,True
3QX2,3QWK,1.722,0.0,25.32,51.62,10.74,1.0,5,ILE10;GLY11;GLY13;VAL18;LYS33,True
3QX2,3QXO,2.522,0.0,25.32,51.62,10.74,1.0,5,ILE10;GLY11;GLY13;VAL18;LYS33,False
3QX2,3QZG,1.126,0.0,25.32,51.62,10.74,1.0,5,ILE10;GLY11;GLY13;VAL18;LYS33,True
3QX2,3QZI,1.577,0.0,25.32,51.62,10.74,1.0,5,ILE10;GLY11;GLY13;VAL18;LYS33,True
3QX2,3R1Q,1.614,0.0,25.32,51.62,10.74,1.0,5,ILE10;GLY11;GLY13;VAL18;LYS33,True
3QX2,3R1S,2.31,0.0,25.32,51.62,10.74,1.0,5,ILE10;GLY11;GLY13;VAL18;LYS33,False
3QX2,3R1Y,2.052,0.0,25.32,51.62,10.74,1.0,5,ILE10;GLY11;GLY13;VAL18;LYS33,False
3QX2,3R28,1.722,0.0,25.32,51.62,10.74,1.0,5,ILE10;GLY11;GLY13;VAL18;LYS33,True
3QX2,3R6X,2.653,0.0,25.32,51.62,10.74,1.0,5,ILE10;GLY11;GLY13;VAL18;LYS33,False
3QX2,3R71,2.419,0.0,25.32,51.62,10.74,1.0,5,ILE10;GLY11;GLY13;VAL18;LYS33,False
3QX2,3R73,2.61,0.0,25.32,51.62,10.74,1.0,5,ILE10;GLY11;GLY13;VAL18;LYS33,False
3QX2,3R7U,2.445,0.0,25.32,51.62,10.74,1.0,5,ILE10;GLY11;GLY13;VAL18;LYS33,False
3QX2,3R83,1.989,0.0,25.32,51.62,10.74,1.0,5,ILE10;GLY11;GLY13;VAL18;LYS33,True
3QX2,3R8M,0.724,0.0,25.32,51.62,10.74,1.0,5,ILE10;GLY11;GLY13;VAL18;LYS33,True
3QX2,3R8P,1.15,0.0,25.32,51.62,10.74,1.0,5,ILE10;GLY11;GLY13;VAL18;LYS33,True
3QX2,3RAI,2.68,0.0,25.32,51.62,10.74,1.0,5,ILE10;GLY11;GLY13;VAL18;LYS33,False
3QX2,3RM6,2.611,0.0,25.32,51.62,10.74,1.0,5,ILE10;GLY11;GLY13;VAL18;LYS33,False
3QX2,3ROY,2.184,0.0,25.32,51.62,10.74,1.0,5,ILE10;GLY11;GLY13;VAL18;LYS33,False
3QX2,3RPO,2.47,0.0,25.32,51.62,10.74,1.0,5,ILE10;GLY11;GLY13;VAL18;LYS33,False
3QX2,5MHQ,2.155,0.0,25.32,51.62,10.74,1.0,5,ILE10;GLY11;GLY13;VAL18;LYS33,False
3QXO,3PXF,1.433,0.0,25.81,58.27,15.58,1.0,5,GLU8;LYS9;ILE10;VAL18;LYS33,True
3QXO,3PXY,0.83,0.0,25.81,58.27,15.58,1.0,5,GLU8;LYS9;ILE10;VAL18;LYS33,True
3QXO,3PXZ,1.055,0.0,25.81,58.27,15.58,1.0,5,GLU8;LYS9;ILE10;VAL18;LYS33,True
3QXO,3PY0,0.601,0.0,25.81,58.27,15.58,1.0,5,GLU8;LYS9;ILE10;VAL18;LYS33,True
3QXO,3QQF,2.179,0.0,25.81,58.27,15.58,1.0,5,GLU8;LYS9;ILE10;VAL18;LYS33,False
3QXO,3QQJ,0.666,0.0,25.81,58.27,15.58,1.0,5,GLU8;LYS9;ILE10;VAL18;LYS33,True
3QXO,3QRT,1.86,0.0,25.81,58.27,15.58,1.0,5,GLU8;LYS9;ILE10;VAL18;LYS33,True
3QXO,3QWJ,1.594,0.0,25.81,58.27,15.58,1.0,5,GLU8;LYS9;ILE10;VAL18;LYS33,True
3QXO,3QWK,1.722,0.0,25.81,58.27,15.58,1.0,5,GLU8;LYS9;ILE10;VAL18;LYS33,True
3QXO,3QX2,2.709,0.0,25.81,58.27,15.58,1.0,5,GLU8;LYS9;ILE10;VAL18;LYS33,False
3QXO,3QZG,1.126,0.0,25.81,58.27,15.58,1.0,5,GLU8;LYS9;ILE10;VAL18;LYS33,True
3QXO,3QZI,1.577,0.0,25.81,58.27,15.58,1.0,5,GLU8;LYS9;ILE10;VAL18;LYS33,True
3QXO,3R1Q,2.171,-5.836,25.81,58.27,15.58,1.0,5,GLU8;LYS9;ILE10;VAL18;LYS33,False
3QXO,3R1S,2.31,0.0,25.81,58.27,15.58,1.0,5,GLU8;LYS9;ILE10;VAL18;LYS33,False
3QXO,3R1Y,2.052,0.0,25.81,58.27,15.58,1.0,5,GLU8;LYS9;ILE10;VAL18;LYS33,False
3QXO,3R28,1.722,0.0,25.81,58.27,15.58,1.0,5,GLU8;LYS9;ILE10;VAL18;LYS33,True
3QXO,3R6X,2.157,0.0,25.81,58.27,15.58,1.0,5,GLU8;LYS9;ILE10;VAL18;LYS33,False
3QXO,3R71,2.419,0.0,25.81,58.27,15.58,1.0,5,GLU8;LYS9;ILE10;VAL18;LYS33,False
3QXO,3R73,2.61,0.0,25.81,58.27,15.58,1.0,5,GLU8;LYS9;ILE10;VAL18;LYS33,False
3QXO,3R7U,2.446,0.0,25.81,58.27,15.58,1.0,5,GLU8;LYS9;ILE10;VAL18;LYS33,False
3QXO,3R83,1.988,0.0,25.81,58.27,15.58,1.0,5,GLU8;LYS9;ILE10;VAL18;LYS33,True
3QXO,3R8M,0.724,0.0,25.81,58.27,15.58,1.0,5,GLU8;LYS9;ILE10;VAL18;LYS33,True
3QXO,3R8P,1.15,0.0,25.81,58.27,15.58,1.0,5,GLU8;LYS9;ILE10;VAL18;LYS33,True
3QXO,3RAI,2.793,-6.904,25.81,58.27,15.58,1.0,5,GLU8;LYS9;ILE10;VAL18;LYS33,False
3QXO,3RM6,2.611,0.0,25.81,58.27,15.58,1.0,5,GLU8;LYS9;ILE10;VAL18;LYS33,False
3QXO,3ROY,2.263,0.0,25.81,58.27,15.58,1.0,5,GLU8;LYS9;ILE10;VAL18;LYS33,False
3QXO,3RPO,2.47,0.0,25.81,58.27,15.58,1.0,5,GLU8;LYS9;ILE10;VAL18;LYS33,False
3QXO,5MHQ,2.155,0.0,25.81,58.27,15.58,1.0,5,GLU8;LYS9;ILE10;VAL18;LYS33,False
3QZG,3PXF,1.433,0.0,25.08,60.96,14.41,1.0,4,ILE10;GLY11;VAL18;ASP145,True
3QZG,3PXY,0.279,-5.933,25.08,60.96,14.41,1.0,4,ILE10;GLY11;VAL18;ASP145,True
3QZG,3PXZ,1.054,0.0,25.08,60.96,14.41,1.0,4,ILE10;GLY11;VAL18;ASP145,True
3QZG,3PY0,0.6,0.0,25.08,60.96,14.41,1.0,4,ILE10;GLY11;VAL18;ASP145,True
3QZG,3QQF,2.18,0.0,25.08,60.96,14.41,1.0,4,ILE10;GLY11;VAL18;ASP145,False
3QZG,3QQJ,0.666,0.0,25.08,60.96,14.41,1.0,4,ILE10;GLY11;VAL18;ASP145,True
3QZG,3QRT,1.861,0.0,25.08,60.96,14.41,1.0,4,ILE10;GLY11;VAL18;ASP145,True
3QZG,3QWJ,1.594,0.0,25.08,60.96,14.41,1.0,4,ILE10;GLY11;VAL18;ASP145,True
3QZG,3QWK,1.722,0.0,25.08,60.96,14.41,1.0,4,ILE10;GLY11;VAL18;ASP145,True
3QZG,3QX2,2.71,0.0,25.08,60.96,14.41,1.0,4,ILE10;GLY11;VAL18;ASP145,False
3QZG,3QXO,2.522,0.0,25.08,60.96,14.41,1.0,4,ILE10;GLY11;VAL18;ASP145,False
3QZG,3QZI,1.577,0.0,25.08,60.96,14.41,1.0,4,ILE10;GLY11;VAL18;ASP145,True
3QZG,3R1Q,1.614,0.0,25.08,60.96,14.41,1.0,4,ILE10;GLY11;VAL18;ASP145,True
3QZG,3R1S,2.31,0.0,25.08,60.96,14.41,1.0,4,ILE10;GLY11;VAL18;ASP145,False
3QZG,3R1Y,2.052,0.0,25.08,60.96,14.41,1.0,4,ILE10;GLY11;VAL18;ASP145,False
3QZG,3R28,1.722,0.0,25.08,60.96,14.41,1.0,4,ILE10;GLY11;VAL18;ASP145,True
3QZG,3R6X,2.654,0.0,25.08,60.96,14.41,1.0,4,ILE10;GLY11;VAL18;ASP145,False
3QZG,3R71,2.362,0.0,25.08,60.96,14.41,1.0,4,ILE10;GLY11;VAL18;ASP145,False
3QZG,3R73,2.61,0.0,25.08,60.96,14.41,1.0,4,ILE10;GLY11;VAL18;ASP145,False
3QZG,3R7U,2.445,0.0,25.08,60.96,14.41,1.0,4,ILE10;GLY11;VAL18;ASP145,False
3QZG,3R83,1.988,0.0,25.08,60.96,14.41,1.0,4,ILE10;GLY11;VAL18;ASP145,True
3QZG,3R8M,0.724,0.0,25.08,60.96,14.41,1.0,4,ILE10;GLY11;VAL18;ASP145,True
3QZG,3R8P,1.15,0.0,25.08,60.96,14.41,1.0,4,ILE10;GLY11;VAL18;ASP145,True
3QZG,3RAI,2.673,0.0,25.08,60.96,14.41,1.0,4,ILE10;GLY11;VAL18;ASP145,False
3QZG,3RM6,2.611,0.0,25.08,60.96,14.41,1.0,4,ILE10;GLY11;VAL18;ASP145,False
3QZG,3ROY,2.182,0.0,25.08,60.96,14.41,1.0,4,ILE10;GLY11;VAL18;ASP145,False
3QZG,3RPO,2.47,0.0,25.08,60.96,14.41,1.0,4,ILE10;GLY11;VAL18;ASP145,False
3QZG,5MHQ,2.154,0.0,25.08,60.96,14.41,1.0,4,ILE10;GLY11;VAL18;ASP145,False
3QZI,3PXF,1.433,0.0,24.02,59.23,12.61,1.0,4,ILE10;GLY13;VAL18;LYS33,True
3QZI,3PXY,0.83,0.0,24.02,59.23,12.61,1.0,4,ILE10;GLY13;VAL18;LYS33,True
3QZI,3PXZ,1.055,0.0,24.02,59.23,12.61,1.0,4,ILE10;GLY13;VAL18;LYS33,True
3QZI,3PY0,0.6,0.0,24.02,59.23,12.61,1.0,4,ILE10;GLY13;VAL18;LYS33,True
3QZI,3QQF,2.179,0.0,24.02,59.23,12.61,1.0,4,ILE10;GLY13;VAL18;LYS33,False
3QZI,3QQJ,0.666,0.0,24.02,59.23,12.61,1.0,4,ILE10;GLY13;VAL18;LYS33,True
3QZI,3QRT,1.861,0.0,24.02,59.23,12.61,1.0,4,ILE10;GLY13;VAL18;LYS33,True
3QZI,3QWJ,1.594,0.0,24.02,59.23,12.61,1.0,4,ILE10;GLY13;VAL18;LYS33,True
3QZI,3QWK,1.722,0.0,24.02,59.23,12.61,1.0,4,ILE10;GLY13;VAL18;LYS33,True
3QZI,3QX2,2.733,0.0,24.02,59.23,12.61,1.0,4,ILE10;GLY13;VAL18;LYS33,False
3QZI,3QXO,2.388,0.0,24.02,59.23,12.61,1.0,4,ILE10;GLY13;VAL18;LYS33,False
3QZI,3QZG,1.126,0.0,24.02,59.23,12.61,1.0,4,ILE10;GLY13;VAL18;LYS33,True
3QZI,3R1Q,1.614,0.0,24.02,59.23,12.61,1.0,4,ILE10;GLY13;VAL18;LYS33,True
3QZI,3R1S,2.31,0.0,24.02,59.23,12.61,1.0,4,ILE10;GLY13;VAL18;LYS33,False
3QZI,3R1Y,2.052,0.0,24.02,59.23,12.61,1.0,4,ILE10;GLY13;VAL18;LYS33,False
3QZI,3R28,2.707,-8.674,24.02,59.23,12.61,1.0,4,ILE10;GLY13;VAL18;LYS33,False
3QZI,3R6X,1.602,-8.023,24.02,59.23,12.61,1.0,4,ILE10;GLY13;VAL18;LYS33,True
3QZI,3R71,2.418,0.0,24.02,59.23,12.61,1.0,4,ILE10;GLY13;VAL18;LYS33,False
3QZI,3R73,2.611,0.0,24.02,59.23,12.61,1.0,4,ILE10;GLY13;VAL18;LYS33,False
3QZI,3R7U,2.445,0.0,24.02,59.23,12.61,1.0,4,ILE10;GLY13;VAL18;LYS33,False
3QZI,3R83,1.989,0.0,24.02,59.23,12.61,1.0,4,ILE10;GLY13;VAL18;LYS33,True
3QZI,3R8M,0.725,0.0,24.02,59.23,12.61,1.0,4,ILE10;GLY13;VAL18;LYS33,True
3QZI,3R8P,1.15,0.0,24.02,59.23,12.61,1.0,4,ILE10;GLY13;VAL18;LYS33,True
3QZI,3RAI,2.63,0.0,24.02,59.23,12.61,1.0,4,ILE10;GLY13;VAL18;LYS33,False
3QZI,3RM6,2.611,0.0,24.02,59.23,12.61,1.0,4,ILE10;GLY13;VAL18;LYS33,False
3QZI,3ROY,1.998,-7.489,24.02,59.23,12.61,1.0,4,ILE10;GLY13;VAL18;LYS33,True
3QZI,3RPO,2.47,0.0,24.02,59.23,12.61,1.0,4,ILE10;GLY13;VAL18;LYS33,False
3QZI,5MHQ,2.155,0.0,24.02,59.23,12.61,1.0,4,ILE10;GLY13;VAL18;LYS33,False
3R1Q,3PXF,1.433,0.0,26.99,60.15,14.67,1.0,4,GLU8;ILE10;GLY13;LYS33,True
3R1Q,3PXY,0.83,0.0,26.99,60.15,14.67,1.0,4,GLU8;ILE10;GLY13;LYS33,True
3R1Q,3PXZ,1.054,0.0,26.99,60.15,14.67,1.0,4,GLU8;ILE10;GLY13;LYS33,True
3R1Q,3PY0,0.6,0.0,26.99,60.15,14.67,1.0,4,GLU8;ILE10;GLY13;LYS33,True
3R1Q,3QQF,2.179,0.0,26.99,60.15,14.67,1.0,4,GLU8;ILE10;GLY13;LYS33,False
3R1Q,3QQJ,0.666,0.0,26.99,60.15,14.67,1.0,4,GLU8;ILE10;GLY13;LYS33,True
3R1Q,3QRT,1.86,0.0,26.99,60.15,14.67,1.0,4,GLU8;ILE10;GLY13;LYS33,True
3R1Q,3QWJ,1.594,0.0,26.99,60.15,14.67,1.0,4,GLU8;ILE10;GLY13;LYS33,True
3R1Q,3QWK,1.722,0.0,26.99,60.15,14.67,1.0,4,GLU8;ILE10;GLY13;LYS33,True
3R1Q,3QX2,2.708,0.0,26.99,60.15,14.67,1.0,4,GLU8;ILE10;GLY13;LYS33,False
3R1Q,3QXO,0.925,-6.319,26.99,60.15,14.67,1.0,4,GLU8;ILE10;GLY13;LYS33,True
3R1Q,3QZG,1.126,0.0,26.99,60.15,14.67,1.0,4,GLU8;ILE10;GLY13;LYS33,True
3R1Q,3QZI,1.58,-0.05269,26.99,60.15,14.67,1.0,4,GLU8;ILE10;GLY13;LYS33,True
3R1Q,3R1S,2.31,0.0,26.99,60.15,14.67,1.0,4,GLU8;ILE10;GLY13;LYS33,False
3R1Q,3R1Y,2.052,0.0,26.99,60.15,14.67,1.0,4,GLU8;ILE10;GLY13;LYS33,False
3R1Q,3R28,1.788,-0.01621,26.99,60.15,14.67,1.0,4,GLU8;ILE10;GLY13;LYS33,True
3R1Q,3R6X,2.654,0.0,26.99,60.15,14.67,1.0,4,GLU8;ILE10;GLY13;LYS33,False
3R1Q,3R71,2.418,0.0,26.99,60.15,14.67,1.0,4,GLU8;ILE10;GLY13;LYS33,False
3R1Q,3R73,2.61,0.0,26.99,60.15,14.67,1.0,4,GLU8;ILE10;GLY13;LYS33,False
3R1Q,3R7U,2.446,0.0,26.99,60.15,14.67,1.0,4,GLU8;ILE10;GLY13;LYS33,False
3R1Q,3R83,1.989,0.0,26.99,60.15,14.67,1.0,4,GLU8;ILE10;GLY13;LYS33,True
3R1Q,3R8M,0.725,0.0,26.99,60.15,14.67,1.0,4,GLU8;ILE10;GLY13;LYS33,True
3R1Q,3R8P,1.15,0.0,26.99,60.15,14.67,1.0,4,GLU8;ILE10;GLY13;LYS33,True
3R1Q,3RAI,2.104,-8.583,26.99,60.15,14.67,1.0,4,GLU8;ILE10;GLY13;LYS33,False
3R1Q,3RM6,2.611,0.0,26.99,60.15,14.67,1.0,4,GLU8;ILE10;GLY13;LYS33,False
3R1Q,3ROY,2.186,0.0,26.99,60.15,14.67,1.0,4,GLU8;ILE10;GLY13;LYS33,False
3R1Q,3RPO,2.47,0.0,26.99,60.15,14.67,1.0,4,GLU8;ILE10;GLY13;LYS33,False
3R1Q,5MHQ,2.155,0.0,26.99,60.15,14.67,1.0,4,GLU8;ILE10;GLY13;LYS33,False
3R1S,3PXF,1.433,0.0,27.31,61.48,16.77,1.0,4,GLU8;ILE10;GLY13;LYS33,True
3R1S,3PXY,0.83,0.0,27.31,61.48,16.77,1.0,4,GLU8;ILE10;GLY13;LYS33,True
3R1S,3PXZ,1.055,0.0,27.31,61.48,16.77,1.0,4,GLU8;ILE10;GLY13;LYS33,True
3R1S,3PY0,0.6,0.0,27.31,61.48,16.77,1.0,4,GLU8;ILE10;GLY13;LYS33,True
3R1S,3QQF,2.202,-0.5042,27.31,61.48,16.77,1.0,4,GLU8;ILE10;GLY13;LYS33,False
3R1S,3QQJ,0.666,0.0,27.31,61.48,16.77,1.0,4,GLU8;ILE10;GLY13;LYS33,True
3R1S,3QRT,2.393,-4.713,27.31,61.48,16.77,1.0,4,GLU8;ILE10;GLY13;LYS33,False
3R1S,3QWJ,1.594,0.0,27.31,61.48,16.77,1.0,4,GLU8;ILE10;GLY13;LYS33,True
3R1S,3QWK,1.721,0.0,27.31,61.48,16.77,1.0,4,GLU8;ILE10;GLY13;LYS33,True
3R1S,3QX2,2.733,0.0,27.31,61.48,16.77,1.0,4,GLU8;ILE10;GLY13;LYS33,False
3R1S,3QXO,2.389,0.0,27.31,61.48,16.77,1.0,4,GLU8;ILE10;GLY13;LYS33,False
3R1S,3QZG,1.126,0.0,27.31,61.48,16.77,1.0,4,GLU8;ILE10;GLY13;LYS33,True
3R1S,3QZI,1.577,0.0,27.31,61.48,16.77,1.0,4,GLU8;ILE10;GLY13;LYS33,True
3R1S,3R1Q,1.613,0.0,27.31,61.48,16.77,1.0,4,GLU8;ILE10;GLY13;LYS33,True
3R1S,3R1Y,2.052,0.0,27.31,61.48,16.77,1.0,4,GLU8;ILE10;GLY13;LYS33,False
3R1S,3R28,1.722,0.0,27.31,61.48,16.77,1.0,4,GLU8;ILE10;GLY13;LYS33,True
3R1S,3R6X,2.654,0.0,27.31,61.48,16.77,1.0,4,GLU8;ILE10;GLY13;LYS33,False
3R1S,3R71,1.285,-6.168,27.31,61.48,16.77,1.0,4,GLU8;ILE10;GLY13;LYS33,True
3R1S,3R73,1.575,-6.16,27.31,61.48,16.77,1.0,4,GLU8;ILE10;GLY13;LYS33,True
3R1S,3R7U,2.318,-0.1454,27.31,61.48,16.77,1.0,4,GLU8;ILE10;GLY13;LYS33,False
3R1S,3R83,1.989,0.0,27.31,61.48,16.77,1.0,4,GLU8;ILE10;GLY13;LYS33,True
3R1S,3R8M,0.724,0.0,27.31,61.48,16.77,1.0,4,GLU8;ILE10;GLY13;LYS33,True
3R1S,3R8P,1.15,0.0,27.31,61.48,16.77,1.0,4,GLU8;ILE10;GLY13;LYS33,True
3R1S,3RAI,2.637,0.0,27.31,61.48,16.77,1.0,4,GLU8;ILE10;GLY13;LYS33,False
3R1S,3RM6,2.609,0.0,27.31,61.48,16.77,1.0,4,GLU8;ILE10;GLY13;LYS33,False
3R1S,3ROY,2.182,0.0,27.31,61.48,16.77,1.0,4,GLU8;ILE10;GLY13;LYS33,False
3R1S,3RPO,2.47,0.0,27.31,61.48,16.77,1.0,4,GLU8;ILE10;GLY13;LYS33,False
3R1S,5MHQ,2.155,0.0,27.31,61.48,16.77,1.0,4,GLU8;ILE10;GLY13;LYS33,False
3R1Y,3PXF,1.434,0.0,25.14,56.88,13.81,1.0,4,GLU8;ILE10;VAL18;LYS89,True
3R1Y,3PXY,0.83,0.0,25.14,56.88,13.81,1.0,4,GLU8;ILE10;VAL18;LYS89,True
3R1Y,3PXZ,1.055,0.0,25.14,56.88,13.81,1.0,4,GLU8;ILE10;VAL18;LYS89,True
3R1Y,3PY0,0.601,0.0,25.14,56.88,13.81,1.0,4,GLU8;ILE10;VAL18;LYS89,True
3R1Y,3QQF,2.18,0.0,25.14,56.88,13.81,1.0,4,GLU8;ILE10;VAL18;LYS89,False
3R1Y,3QQJ,0.666,0.0,25.14,56.88,13.81,1.0,4,GLU8;ILE10;VAL18;LYS89,True
3R1Y,3QRT,1.862,0.0,25.14,56.88,13.81,1.0,4,GLU8;ILE10;VAL18;LYS89,True
3R1Y,3QWJ,1.594,0.0,25.14,56.88,13.81,1.0,4,GLU8;ILE10;VAL18;LYS89,True
3R1Y,3QWK,1.721,0.0,25.14,56.88,13.81,1.0,4,GLU8;ILE10;VAL18;LYS89,True
3R1Y,3QX2,2.733,0.0,25.14,56.88,13.81,1.0,4,GLU8;ILE10;VAL18;LYS89,False
3R1Y,3QXO,2.389,0.0,25.14,56.88,13.81,1.0,4,GLU8;ILE10;VAL18;LYS89,False
3R1Y,3QZG,1.126,0.0,25.14,56.88,13.81,1.0,4,GLU8;ILE10;VAL18;LYS89,True
3R1Y,3QZI,1.577,0.0,25.14,56.88,13.81,1.0,4,GLU8;ILE10;VAL18;LYS89,True
3R1Y,3R1Q,1.614,0.0,25.14,56.88,13.81,1.0,4,GLU8;ILE10;VAL18;LYS89,True
3R1Y,3R1S,2.31,0.0,25.14,56.88,13.81,1.0,4,GLU8;ILE10;VAL18;LYS89,False
3R1Y,3R28,1.722,0.0,25.14,56.88,13.81,1.0,4,GLU8;ILE10;VAL18;LYS89,True
3R1Y,3R6X,2.655,0.0,25.14,56.88,13.81,1.0,4,GLU8;ILE10;VAL18;LYS89,False
3R1Y,3R71,2.362,0.0,25.14,56.88,13.81,1.0,4,GLU8;ILE10;VAL18;LYS89,False
3R1Y,3R73,2.61,0.0,25.14,56.88,13.81,1.0,4,GLU8;ILE10;VAL18;LYS89,False
3R1Y,3R7U,2.446,0.0,25.14,56.88,13.81,1.0,4,GLU8;ILE10;VAL18;LYS89,False
3R1Y,3R83,1.989,0.0,25.14,56.88,13.81,1.0,4,GLU8;ILE10;VAL18;LYS89,True
3R1Y,3R8M,0.724,0.0,25.14,56.88,13.81,1.0,4,GLU8;ILE10;VAL18;LYS89,True
3R1Y,3R8P,1.15,0.0,25.14,56.88,13.81,1.0,4,GLU8;ILE10;VAL18;LYS89,True
3R1Y,3RAI,2.674,0.0,25.14,56.88,13.81,1.0,4,GLU8;ILE10;VAL18;LYS89,False
3R1Y,3RM6,2.611,0.0,25.14,56.88,13.81,1.0,4,GLU8;ILE10;VAL18;LYS89,False
3R1Y,3ROY,2.185,0.0,25.14,56.88,13.81,1.0,4,GLU8;ILE10;VAL18;LYS89,False
3R1Y,3RPO,2.47,0.0,25.14,56.88,13.81,1.0,4,GLU8;ILE10;VAL18;LYS89,False
3R1Y,5MHQ,2.155,0.0,25.14,56.88,13.81,1.0,4,GLU8;ILE10;VAL18;LYS89,False
3R28,3PXF,1.433,0.0,24.68,61.86,15.42,1.0,4,ILE10;GLY11;VAL18;LYS33,True
3R28,3PXY,0.83,0.0,24.68,61.86,15.42,1.0,4,ILE10;GLY11;VAL18;LYS33,True
3R28,3PXZ,1.054,0.0,24.68,61.86,15.42,1.0,4,ILE10;GLY11;VAL18;LYS33,True
3R28,3PY0,0.601,0.0,24.68,61.86,15.42,1.0,4,ILE10;GLY11;VAL18;LYS33,True
3R28,3QQF,2.18,0.0,24.68,61.86,15.42,1.0,4,ILE10;GLY11;VAL18;LYS33,False
3R28,3QQJ,0.666,0.0,24.68,61.86,15.42,1.0,4,ILE10;GLY11;VAL18;LYS33,True
3R28,3QRT,1.862,0.0,24.68,61.86,15.42,1.0,4,ILE10;GLY11;VAL18;LYS33,True
3R28,3QWJ,1.594,0.0,24.68,61.86,15.42,1.0,4,ILE10;GLY11;VAL18;LYS33,True
3R28,3QWK,1.722,0.0,24.68,61.86,15.42,1.0,4,ILE10;GLY11;VAL18;LYS33,True
3R28,3QX2,2.708,0.0,24.68,61.86,15.42,1.0,4,ILE10;GLY11;VAL18;LYS33,False
3R28,3QXO,2.389,0.0,24.68,61.86,15.42,1.0,4,ILE10;GLY11;VAL18;LYS33,False
3R28,3QZG,1.126,0.0,24.68,61.86,15.42,1.0,4,ILE10;GLY11;VAL18;LYS33,True
3R28,3QZI,1.318,-7.553,24.68,61.86,15.42,1.0,4,ILE10;GLY11;VAL18;LYS33,True
3R28,3R1Q,1.614,0.0,24.68,61.86,15.42,1.0,4,ILE10;GLY11;VAL18;LYS33,True
3R28,3R1S,2.31,0.0,24.68,61.86,15.42,1.0,4,ILE10;GLY11;VAL18;LYS33,False
3R28,3R1Y,2.052,0.0,24.68,61.86,15.42,1.0,4,ILE10;GLY11;VAL18;LYS33,False
3R28,3R6X,1.709,-7.827,24.68,61.86,15.42,1.0,4,ILE10;GLY11;VAL18;LYS33,True
3R28,3R71,2.362,0.0,24.68,61.86,15.42,1.0,4,ILE10;GLY11;VAL18;LYS33,False
3R28,3R73,2.61,0.0,24.68,61.86,15.42,1.0,4,ILE10;GLY11;VAL18;LYS33,False
3R28,3R7U,2.446,0.0,24.68,61.86,15.42,1.0,4,ILE10;GLY11;VAL18;LYS33,False
3R28,3R83,1.988,0.0,24.68,61.86,15.42,1.0,4,ILE10;GLY11;VAL18;LYS33,True
3R28,3R8M,0.724,0.0,24.68,61.86,15.42,1.0,4,ILE10;GLY11;VAL18;LYS33,True
3R28,3R8P,1.15,0.0,24.68,61.86,15.42,1.0,4,ILE10;GLY11;VAL18;LYS33,True
3R28,3RAI,2.637,0.0,24.68,61.86,15.42,1.0,4,ILE10;GLY11;VAL18;LYS33,False
3R28,3RM6,2.611,0.0,24.68,61.86,15.42,1.0,4,ILE10;GLY11;VAL18;LYS33,False
3R28,3ROY,1.199,-8.097,24.68,61.86,15.42,1.0,4,ILE10;GLY11;VAL18;LYS33,True
3R28,3RPO,2.47,0.0,24.68,61.86,15.42,1.0,4,ILE10;GLY11;VAL18;LYS33,False
3R28,5MHQ,2.155,0.0,24.68,61.86,15.42,1.0,4,ILE10;GLY11;VAL18;LYS33,False
3R6X,3PXF,1.433,0.0,25.59,57.39,14.09,1.0,5,ILE10;GLY11;GLY13;VAL18;LYS33,True
3R6X,3PXY,0.83,0.0,25.59,57.39,14.09,1.0,5,ILE10;GLY11;GLY13;VAL18;LYS33,True
3R6X,3PXZ,1.054,0.0,25.59,57.39,14.09,1.0,5,ILE10;GLY11;GLY13;VAL18;LYS33,True
3R6X,3PY0,0.6,0.0,25.59,57.39,14.09,1.0,5,ILE10;GLY11;GLY13;VAL18;LYS33,True
3R6X,3QQF,2.178,0.0,25.59,57.39,14.09,1.0,5,ILE10;GLY11;GLY13;VAL18;LYS33,False
3R6X,3QQJ,0.666,0.0,25.59,57.39,14.09,1.0,5,ILE10;GLY11;GLY13;VAL18;LYS33,True
3R6X,3QRT,1.861,0.0,25.59,57.39,14.09,1.0,5,ILE10;GLY11;GLY13;VAL18;LYS33,True
3R6X,3QWJ,1.594,0.0,25.59,57.39,14.09,1.0,5,ILE10;GLY11;GLY13;VAL18;LYS33,True
3R6X,3QWK,1.722,0.0,25.59,57.39,14.09,1.0,5,ILE10;GLY11;GLY13;VAL18;LYS33,True
3R6X,3QX2,2.707,0.0,25.59,57.39,14.09,1.0,5,ILE10;GLY11;GLY13;VAL18;LYS33,False
3R6X,3QXO,2.39,0.0,25.59,57.39,14.09,1.0,5,ILE10;GLY11;GLY13;VAL18;LYS33,False
3R6X,3QZG,1.126,0.0,25.59,57.39,14.09,1.0,5,ILE10;GLY11;GLY13;VAL18;LYS33,True
3R6X,3QZI,1.778,-7.722,25.59,57.39,14.09,1.0,5,ILE10;GLY11;GLY13;VAL18;LYS33,True
3R6X,3R1Q,1.614,0.0,25.59,57.39,14.09,1.0,5,ILE10;GLY11;GLY13;VAL18;LYS33,True
3R6X,3R1S,2.31,0.0,25.59,57.39,14.09,1.0,5,ILE10;GLY11;GLY13;VAL18;LYS33,False
3R6X,3R1Y,2.052,0.0,25.59,57.39,14.09,1.0,5,ILE10;GLY11;GLY13;VAL18;LYS33,False
3R6X,3R28,1.639,-9.112,25.59,57.39,14.09,1.0,5,ILE10;GLY11;GLY13;VAL18;LYS33,True
3R6X,3R71,2.419,0.0,25.59,57.39,14.09,1.0,5,ILE10;GLY11;GLY13;VAL18;LYS33,False
3R6X,3R73,2.61,0.0,25.59,57.39,14.09,1.0,5,ILE10;GLY11;GLY13;VAL18;LYS33,False
3R6X,3R7U,2.393,0.0,25.59,57.39,14.09,1.0,5,ILE10;GLY11;GLY13;VAL18;LYS33,False
3R6X,3R83,1.988,0.0,25.59,57.39,14.09,1.0,5,ILE10;GLY11;GLY13;VAL18;LYS33,True
3R6X,3R8M,0.724,0.0,25.59,57.39,14.09,1.0,5,ILE10;GLY11;GLY13;VAL18;LYS33,True
3R6X,3R8P,1.149,0.0,25.59,57.39,14.09,1.0,5,ILE10;GLY11;GLY13;VAL18;LYS33,True
3R6X,3RAI,2.638,0.0,25.59,57.39,14.09,1.0,5,ILE10;GLY11;GLY13;VAL18;LYS33,False
3R6X,3RM6,2.611,0.0,25.59,57.39,14.09,1.0,5,ILE10;GLY11;GLY13;VAL18;LYS33,False
3R6X,3ROY,1.31,-7.947,25.59,57.39,14.09,1.0,5,ILE10;GLY11;GLY13;VAL18;LYS33,True
3R6X,3RPO,2.47,0.0,25.59,57.39,14.09,1.0,5,ILE10;GLY11;GLY13;VAL18;LYS33,False
3R6X,5MHQ,2.155,0.0,25.59,57.39,14.09,1.0,5,ILE10;GLY11;GLY13;VAL18;LYS33,False
3R71,3PXF,1.434,0.0,16.93,33.92,7.4,1.0,5,GLU8;GLY11;GLU12;GLY13;LYS33,True
3R71,3PXY,0.83,0.0,16.93,33.92,7.4,1.0,5,GLU8;GLY11;GLU12;GLY13;LYS33,True
3R71,3PXZ,1.055,0.0,16.93,33.92,7.4,1.0,5,GLU8;GLY11;GLU12;GLY13;LYS33,True
3R71,3PY0,0.601,0.0,16.93,33.92,7.4,1.0,5,GLU8;GLY11;GLU12;GLY13;LYS33,True
3R71,3QQF,2.009,-0.7,16.93,33.92,7.4,1.0,5,GLU8;GLY11;GLU12;GLY13;LYS33,False
3R71,3QQJ,0.666,0.0,16.93,33.92,7.4,1.0,5,GLU8;GLY11;GLU12;GLY13;LYS33,True
3R71,3QRT,2.411,-7.463,16.93,33.92,7.4,1.0,5,GLU8;GLY11;GLU12;GLY13;LYS33,False
3R71,3QWJ,1.594,0.0,16.93,33.92,7.4,1.0,5,GLU8;GLY11;GLU12;GLY13;LYS33,True
3R71,3QWK,1.722,0.0,16.93,33.92,7.4,1.0,5,GLU8;GLY11;GLU12;GLY13;LYS33,True
3R71,3QX2,2.708,0.0,16.93,33.92,7.4,1.0,5,GLU8;GLY11;GLU12;GLY13;LYS33,False
3R71,3QXO,2.389,0.0,16.93,33.92,7.4,1.0,5,GLU8;GLY11;GLU12;GLY13;LYS33,False
3R71,3QZG,1.126,0.0,16.93,33.92,7.4,1.0,5,GLU8;GLY11;GLU12;GLY13;LYS33,True
3R71,3QZI,1.576,0.0,16.93,33.92,7.4,1.0,5,GLU8;GLY11;GLU12;GLY13;LYS33,True
3R71,3R1Q,1.613,0.0,16.93,33.92,7.4,1.0,5,GLU8;GLY11;GLU12;GLY13;LYS33,True
3R71,3R1S,1.7,-0.5693,16.93,33.92,7.4,1.0,5,GLU8;GLY11;GLU12;GLY13;LYS33,True
3R71,3R1Y,2.052,0.0,16.93,33.92,7.4,1.0,5,GLU8;GLY11;GLU12;GLY13;LYS33,False
3R71,3R28,1.722,0.0,16.93,33.92,7.4,1.0,5,GLU8;GLY11;GLU12;GLY13;LYS33,True
3R71,3R6X,2.653,0.0,16.93,33.92,7.4,1.0,5,GLU8;GLY11;GLU12;GLY13;LYS33,False
3R71,3R73,1.31,-7.401,16.93,33.92,7.4,1.0,5,GLU8;GLY11;GLU12;GLY13;LYS33,True
3R71,3R7U,2.446,0.0,16.93,33.92,7.4,1.0,5,GLU8;GLY11;GLU12;GLY13;LYS33,False
3R71,3R83,1.988,0.0,16.93,33.92,7.4,1.0,5,GLU8;GLY11;GLU12;GLY13;LYS33,True
3R71,3R8M,0.725,0.0,16.93,33.92,7.4,1.0,5,GLU8;GLY11;GLU12;GLY13;LYS33,True
3R71,3R8P,1.151,0.0,16.93,33.92,7.4,1.0,5,GLU8;GLY11;GLU12;GLY13;LYS33,True
3R71,3RAI,2.674,0.0,16.93,33.92,7.4,1.0,5,GLU8;GLY11;GLU12;GLY13;LYS33,False
3R71,3RM6,2.611,0.0,16.93,33.92,7.4,1.0,5,GLU8;GLY11;GLU12;GLY13;LYS33,False
3R71,3ROY,2.186,0.0,16.93,33.92,7.4,1.0,5,GLU8;GLY11;GLU12;GLY13;LYS33,False
3R71,3RPO,2.47,0.0,16.93,33.92,7.4,1.0,5,GLU8;GLY11;GLU12;GLY13;LYS33,False
3R71,5MHQ,2.155,0.0,16.93,33.92,7.4,1.0,5,GLU8;GLY11;GLU12;GLY13;LYS33,False
3R73,3PXF,1.433,0.0,22.94,56.72,12.78,1.0,5,ILE10;GLY13;VAL18;LYS33;ASP145,True
3R73,3PXY,0.83,0.0,22.94,56.72,12.78,1.0,5,ILE10;GLY13;VAL18;LYS33;ASP145,True
3R73,3PXZ,1.054,0.0,22.94,56.72,12.78,1.0,5,ILE10;GLY13;VAL18;LYS33;ASP145,True
3R73,3PY0,0.6,0.0,22.94,56.72,12.78,1.0,5,ILE10;GLY13;VAL18;LYS33;ASP145,True
3R73,3QQF,1.41,-0.5886,22.94,56.72,12.78,1.0,5,ILE10;GLY13;VAL18;LYS33;ASP145,True
3R73,3QQJ,0.666,0.0,22.94,56.72,12.78,1.0,5,ILE10;GLY13;VAL18;LYS33;ASP145,True
3R73,3QRT,2.252,-7.178,22.94,56.72,12.78,1.0,5,ILE10;GLY13;VAL18;LYS33;ASP145,False
3R73,3QWJ,1.594,0.0,22.94,56.72,12.78,1.0,5,ILE10;GLY13;VAL18;LYS33;ASP145,True
3R73,3QWK,1.722,0.0,22.94,56.72,12.78,1.0,5,ILE10;GLY13;VAL18;LYS33;ASP145,True
3R73,3QX2,2.733,0.0,22.94,56.72,12.78,1.0,5,ILE10;GLY13;VAL18;LYS33;ASP145,False
3R73,3QXO,2.389,0.0,22.94,56.72,12.78,1.0,5,ILE10;GLY13;VAL18;LYS33;ASP145,False
3R73,3QZG,1.126,0.0,22.94,56.72,12.78,1.0,5,ILE10;GLY13;VAL18;LYS33;ASP145,True
3R73,3QZI,1.577,0.0,22.94,56.72,12.78,1.0,5,ILE10;GLY13;VAL18;LYS33;ASP145,True
3R73,3R1Q,1.614,0.0,22.94,56.72,12.78,1.0,5,ILE10;GLY13;VAL18;LYS33;ASP145,True
3R73,3R1S,1.42,-0.2842,22.94,56.72,12.78,1.0,5,ILE10;GLY13;VAL18;LYS33;ASP145,True
3R73,3R1Y,2.052,0.0,22.94,56.72,12.78,1.0,5,ILE10;GLY13;VAL18;LYS33;ASP145,False
3R73,3R28,1.722,0.0,22.94,56.72,12.78,1.0,5,ILE10;GLY13;VAL18;LYS33;ASP145,True
3R73,3R6X,2.653,0.0,22.94,56.72,12.78,1.0,5,ILE10;GLY13;VAL18;LYS33;ASP145,False
3R73,3R71,1.64,-7.565,22.94,56.72,12.78,1.0,5,ILE10;GLY13;VAL18;LYS33;ASP145,True
3R73,3R7U,2.445,0.0,22.94,56.72,12.78,1.0,5,ILE10;GLY13;VAL18;LYS33;ASP145,False
3R73,3R83,1.988,0.0,22.94,56.72,12.78,1.0,5,ILE10;GLY13;VAL18;LYS33;ASP145,True
3R73,3R8M,0.724,0.0,22.94,56.72,12.78,1.0,5,ILE10;GLY13;VAL18;LYS33;ASP145,True
3R73,3R8P,1.151,0.0,22.94,56.72,12.78,1.0,5,ILE10;GLY13;VAL18;LYS33;ASP145,True
3R73,3RAI,2.675,0.0,22.94,56.72,12.78,1.0,5,ILE10;GLY13;VAL18;LYS33;ASP145,False
3R73,3RM6,2.611,0.0,22.94,56.72,12.78,1.0,5,ILE10;GLY13;VAL18;LYS33;ASP145,False
3R73,3ROY,2.184,0.0,22.94,56.72,12.78,1.0,5,ILE10;GLY13;VAL18;LYS33;ASP145,False
3R73,3RPO,2.47,0.0,22.94,56.72,12.78,1.0,5,ILE10;GLY13;VAL18;LYS33;ASP145,False
3R73,5MHQ,2.156,0.0,22.94,56.72,12.78,1.0,5,ILE10;GLY13;VAL18;LYS33;ASP145,False
3R7U,3PXF,1.434,0.0,23.38,54.1,13.07,1.0,5,GLU8;ILE10;GLY13;VAL18;LYS33,True
3R7U,3PXY,0.83,0.0,23.38,54.1,13.07,1.0,5,GLU8;ILE10;GLY13;VAL18;LYS33,True
3R7U,3PXZ,1.054,0.0,23.38,54.1,13.07,1.0,5,GLU8;ILE10;GLY13;VAL18;LYS33,True
3R7U,3PY0,0.6,0.0,23.38,54.1,13.07,1.0,5,GLU8;ILE10;GLY13;VAL18;LYS33,True
3R7U,3QQF,1.306,-4.394,23.38,54.1,13.07,1.0,5,GLU8;ILE10;GLY13;VAL18;LYS33,True
3R7U,3QQJ,0.666,0.0,23.38,54.1,13.07,1.0,5,GLU8;ILE10;GLY13;VAL18;LYS33,True
3R7U,3QRT,1.881,-0.01385,23.38,54.1,13.07,1.0,5,GLU8;ILE10;GLY13;VAL18;LYS33,True
3R7U,3QWJ,1.594,0.0,23.38,54.1,13.07,1.0,5,GLU8;ILE10;GLY13;VAL18;LYS33,True
3R7U,3QWK,1.722,0.0,23.38,54.1,13.07,1.0,5,GLU8;ILE10;GLY13;VAL18;LYS33,True
3R7U,3QX2,2.708,0.0,23.38,54.1,13.07,1.0,5,GLU8;ILE10;GLY13;VAL18;LYS33,False
3R7U,3QXO,2.523,0.0,23.38,54.1,13.07,1.0,5,GLU8;ILE10;GLY13;VAL18;LYS33,False
3R7U,3QZG,1.126,0.0,23.38,54.1,13.07,1.0,5,GLU8;ILE10;GLY13;VAL18;LYS33,True
3R7U,3QZI,1.576,0.0,23.38,54.1,13.07,1.0,5,GLU8;ILE10;GLY13;VAL18;LYS33,True
3R7U,3R1Q,1.614,0.0,23.38,54.1,13.07,1.0,5,GLU8;ILE10;GLY13;VAL18;LYS33,True
3R7U,3R1S,2.31,0.0,23.38,54.1,13.07,1.0,5,GLU8;ILE10;GLY13;VAL18;LYS33,False
3R7U,3R1Y,2.052,0.0,23.38,54.1,13.07,1.0,5,GLU8;ILE10;GLY13;VAL18;LYS33,False
3R7U,3R28,1.722,0.0,23.38,54.1,13.07,1.0,5,GLU8;ILE10;GLY13;VAL18;LYS33,True
3R7U,3R6X,2.654,0.0,23.38,54.1,13.07,1.0,5,GLU8;ILE10;GLY13;VAL18;LYS33,False
3R7U,3R71,2.362,0.0,23.38,54.1,13.07,1.0,5,GLU8;ILE10;GLY13;VAL18;LYS33,False
3R7U,3R73,2.61,0.0,23.38,54.1,13.07,1.0,5,GLU8;ILE10;GLY13;VAL18;LYS33,False
3R7U,3R83,1.988,0.0,23.38,54.1,13.07,1.0,5,GLU8;ILE10;GLY13;VAL18;LYS33,True
3R7U,3R8M,0.724,0.0,23.38,54.1,13.07,1.0,5,GLU8;ILE10;GLY13;VAL18;LYS33,True
3R7U,3R8P,1.15,0.0,23.38,54.1,13.07,1.0,5,GLU8;ILE10;GLY13;VAL18;LYS33,True
3R7U,3RAI,2.68,0.0,23.38,54.1,13.07,1.0,5,GLU8;ILE10;GLY13;VAL18;LYS33,False
3R7U,3RM6,2.659,-0.4699,23.38,54.1,13.07,1.0,5,GLU8;ILE10;GLY13;VAL18;LYS33,False
3R7U,3ROY,2.181,0.0,23.38,54.1,13.07,1.0,5,GLU8;ILE10;GLY13;VAL18;LYS33,False
3R7U,3RPO,2.47,0.0,23.38,54.1,13.07,1.0,5,GLU8;ILE10;GLY13;VAL18;LYS33,False
3R7U,5MHQ,2.155,0.0,23.38,54.1,13.07,1.0,5,GLU8;ILE10;GLY13;VAL18;LYS33,False
3R83,3PXF,1.433,0.0,15.67,23.76,3.88,1.0,5,ILE10;GLU12;GLY13;LYS33;GLN131,True
3R83,3PXY,0.83,0.0,15.67,23.76,3.88,1.0,5,ILE10;GLU12;GLY13;LYS33;GLN131,True
3R83,3PXZ,1.055,0.0,15.67,23.76,3.88,1.0,5,ILE10;GLU12;GLY13;LYS33;GLN131,True
3R83,3PY0,0.6,0.0,15.67,23.76,3.88,1.0,5,ILE10;GLU12;GLY13;LYS33;GLN131,True
3R83,3QQF,2.178,0.0,15.67,23.76,3.88,1.0,5,ILE10;GLU12;GLY13;LYS33;GLN131,False
3R83,3QQJ,0.666,0.0,15.67,23.76,3.88,1.0,5,ILE10;GLU12;GLY13;LYS33;GLN131,True
3R83,3QRT,1.862,0.0,15.67,23.76,3.88,1.0,5,ILE10;GLU12;GLY13;LYS33;GLN131,True
3R83,3QWJ,1.594,0.0,15.67,23.76,3.88,1.0,5,ILE10;GLU12;GLY13;LYS33;GLN131,True
3R83,3QWK,1.721,0.0,15.67,23.76,3.88,1.0,5,ILE10;GLU12;GLY13;LYS33;GLN131,True
3R83,3QX2,2.71,0.0,15.67,23.76,3.88,1.0,5,ILE10;GLU12;GLY13;LYS33;GLN131,False
3R83,3QXO,2.39,0.0,15.67,23.76,3.88,1.0,5,ILE10;GLU12;GLY13;LYS33;GLN131,False
3R83,3QZG,1.126,0.0,15.67,23.76,3.88,1.0,5,ILE10;GLU12;GLY13;LYS33;GLN131,True
3R83,3QZI,1.577,0.0,15.67,23.76,3.88,1.0,5,ILE10;GLU12;GLY13;LYS33;GLN131,True
3R83,3R1Q,1.614,0.0,15.67,23.76,3.88,1.0,5,ILE10;GLU12;GLY13;LYS33;GLN131,True
3R83,3R1S,2.31,0.0,15.67,23.76,3.88,1.0,5,ILE10;GLU12;GLY13;LYS33;GLN131,False
3R83,3R1Y,2.052,0.0,15.67,23.76,3.88,1.0,5,ILE10;GLU12;GLY13;LYS33;GLN131,False
3R83,3R28,1.722,0.0,15.67,23.76,3.88,1.0,5,ILE10;GLU12;GLY13;LYS33;GLN131,True
3R83,3R6X,2.653,0.0,15.67,23.76,3.88,1.0,5,ILE10;GLU12;GLY13;LYS33;GLN131,False
3R83,3R71,2.362,0.0,15.67,23.76,3.88,1.0,5,ILE10;GLU12;GLY13;LYS33;GLN131,False
3R83,3R73,2.611,0.0,15.67,23.76,3.88,1.0,5,ILE10;GLU12;GLY13;LYS33;GLN131,False
3R83,3R7U,2.445,0.0,15.67,23.76,3.88,1.0,5,ILE10;GLU12;GLY13;LYS33;GLN131,False
3R83,3R8M,0.725,0.0,15.67,23.76,3.88,1.0,5,ILE10;GLU12;GLY13;LYS33;GLN131,True
3R83,3R8P,1.15,0.0,15.67,23.76,3.88,1.0,5,ILE10;GLU12;GLY13;LYS33;GLN131,True
3R83,3RAI,2.674,0.0,15.67,23.76,3.88,1.0,5,ILE10;GLU12;GLY13;LYS33;GLN131,False
3R83,3RM6,2.612,0.0,15.67,23.76,3.88,1.0,5,ILE10;GLU12;GLY13;LYS33;GLN131,False
3R83,3ROY,2.182,0.0,15.67,23.76,3.88,1.0,5,ILE10;GLU12;GLY13;LYS33;GLN131,False
3R83,3RPO,2.47,0.0,15.67,23.76,3.88,1.0,5,ILE10;GLU12;GLY13;LYS33;GLN131,False
3R83,5MHQ,2.155,0.0,15.67,23.76,3.88,1.0,5,ILE10;GLU12;GLY13;LYS33;GLN131,False
3R8M,3PXF,1.433,0.0,25.4,54.24,10.03,1.0,4,ILE10;VAL18;GLU81;ASP145,True
3R8M,3PXY,0.83,0.0,25.4,54.24,10.03,1.0,4,ILE10;VAL18;GLU81;ASP145,True
3R8M,3PXZ,1.054,0.0,25.4,54.24,10.03,1.0,4,ILE10;VAL18;GLU81;ASP145,True
3R8M,3PY0,0.6,0.0,25.4,54.24,10.03,1.0,4,ILE10;VAL18;GLU81;ASP145,True
3R8M,3QQF,2.18,0.0,25.4,54.24,10.03,1.0,4,ILE10;VAL18;GLU81;ASP145,False
3R8M,3QQJ,0.666,0.0,25.4,54.24,10.03,1.0,4,ILE10;VAL18;GLU81;ASP145,True
3R8M,3QRT,1.86,0.0,25.4,54.24,10.03,1.0,4,ILE10;VAL18;GLU81;ASP145,True
3R8M,3QWJ,1.594,0.0,25.4,54.24,10.03,1.0,4,ILE10;VAL18;GLU81;ASP145,True
3R8M,3QWK,1.721,0.0,25.4,54.24,10.03,1.0,4,ILE10;VAL18;GLU81;ASP145,True
3R8M,3QX2,2.709,0.0,25.4,54.24,10.03,1.0,4,ILE10;VAL18;GLU81;ASP145,False
3R8M,3QXO,2.39,0.0,25.4,54.24,10.03,1.0,4,ILE10;VAL18;GLU81;ASP145,False
3R8M,3QZG,1.126,0.0,25.4,54.24,10.03,1.0,4,ILE10;VAL18;GLU81;ASP145,True
3R8M,3QZI,1.577,0.0,25.4,54.24,10.03,1.0,4,ILE10;VAL18;GLU81;ASP145,True
3R8M,3R1Q,1.614,0.0,25.4,54.24,10.03,1.0,4,ILE10;VAL18;GLU81;ASP145,True
3R8M,3R1S,2.31,0.0,25.4,54.24,10.03,1.0,4,ILE10;VAL18;GLU81;ASP145,False
3R8M,3R1Y,2.052,0.0,25.4,54.24,10.03,1.0,4,ILE10;VAL18;GLU81;ASP145,False
3R8M,3R28,1.722,0.0,25.4,54.24,10.03,1.0,4,ILE10;VAL18;GLU81;ASP145,True
3R8M,3R6X,2.656,0.0,25.4,54.24,10.03,1.0,4,ILE10;VAL18;GLU81;ASP145,False
3R8M,3R71,2.363,0.0,25.4,54.24,10.03,1.0,4,ILE10;VAL18;GLU81;ASP145,False
3R8M,3R73,2.611,0.0,25.4,54.24,10.03,1.0,4,ILE10;VAL18;GLU81;ASP145,False
3R8M,3R7U,2.446,0.0,25.4,54.24,10.03,1.0,4,ILE10;VAL18;GLU81;ASP145,False
3R8M,3R83,1.989,0.0,25.4,54.24,10.03,1.0,4,ILE10;VAL18;GLU81;ASP145,True
3R8M,3R8P,1.15,0.0,25.4,54.24,10.03,1.0,4,ILE10;VAL18;GLU81;ASP145,True
3R8M,3RAI,2.674,0.0,25.4,54.24,10.03,1.0,4,ILE10;VAL18;GLU81;ASP145,False
3R8M,3RM6,2.61,0.0,25.4,54.24,10.03,1.0,4,ILE10;VAL18;GLU81;ASP145,False
3R8M,3ROY,2.182,0.0,25.4,54.24,10.03,1.0,4,ILE10;VAL18;GLU81;ASP145,False
3R8M,3RPO,2.47,0.0,25.4,54.24,10.03,1.0,4,ILE10;VAL18;GLU81;ASP145,False
3R8M,5MHQ,2.156,0.0,25.4,54.24,10.03,1.0,4,ILE10;VAL18;GLU81;ASP145,False
3R8P,3PXF,1.433,0.0,17.01,35.29,5.56,1.0,4,ILE10;VAL18;HIS84;GLN85,True
3R8P,3PXY,0.83,0.0,17.01,35.29,5.56,1.0,4,ILE10;VAL18;HIS84;GLN85,True
3R8P,3PXZ,1.055,0.0,17.01,35.29,5.56,1.0,4,ILE10;VAL18;HIS84;GLN85,True
3R8P,3PY0,0.6,0.0,17.01,35.29,5.56,1.0,4,ILE10;VAL18;HIS84;GLN85,True
3R8P,3QQF,2.18,0.0,17.01,35.29,5.56,1.0,4,ILE10;VAL18;HIS84;GLN85,False
3R8P,3QQJ,0.666,0.0,17.01,35.29,5.56,1.0,4,ILE10;VAL18;HIS84;GLN85,True
3R8P,3QRT,1.861,0.0,17.01,35.29,5.56,1.0,4,ILE10;VAL18;HIS84;GLN85,True
3R8P,3QWJ,1.594,0.0,17.01,35.29,5.56,1.0,4,ILE10;VAL18;HIS84;GLN85,True
3R8P,3QWK,1.721,0.0,17.01,35.29,5.56,1.0,4,ILE10;VAL18;HIS84;GLN85,True
3R8P,3QX2,2.708,0.0,17.01,35.29,5.56,1.0,4,ILE10;VAL18;HIS84;GLN85,False
3R8P,3QXO,2.39,0.0,17.01,35.29,5.56,1.0,4,ILE10;VAL18;HIS84;GLN85,False
3R8P,3QZG,1.126,0.0,17.01,35.29,5.56,1.0,4,ILE10;VAL18;HIS84;GLN85,True
3R8P,3QZI,1.577,0.0,17.01,35.29,5.56,1.0,4,ILE10;VAL18;HIS84;GLN85,True
3R8P,3R1Q,1.613,0.0,17.01,35.29,5.56,1.0,4,ILE10;VAL18;HIS84;GLN85,True
3R8P,3R1S,2.31,0.0,17.01,35.29,5.56,1.0,4,ILE10;VAL18;HIS84;GLN85,False
3R8P,3R1Y,2.052,0.0,17.01,35.29,5.56,1.0,4,ILE10;VAL18;HIS84;GLN85,False
3R8P,3R28,1.722,0.0,17.01,35.29,5.56,1.0,4,ILE10;VAL18;HIS84;GLN85,True
3R8P,3R6X,2.654,0.0,17.01,35.29,5.56,1.0,4,ILE10;VAL18;HIS84;GLN85,False
3R8P,3R71,2.362,0.0,17.01,35.29,5.56,1.0,4,ILE10;VAL18;HIS84;GLN85,False
3R8P,3R73,2.61,0.0,17.01,35.29,5.56,1.0,4,ILE10;VAL18;HIS84;GLN85,False
3R8P,3R7U,2.446,0.0,17.01,35.29,5.56,1.0,4,ILE10;VAL18;HIS84;GLN85,False
3R8P,3R83,1.989,0.0,17.01,35.29,5.56,1.0,4,ILE10;VAL18;HIS84;GLN85,True
3R8P,3R8M,0.724,0.0,17.01,35.29,5.56,1.0,4,ILE10;VAL18;HIS84;GLN85,True
3R8P,3RAI,2.673,0.0,17.01,35.29,5.56,1.0,4,ILE10;VAL18;HIS84;GLN85,False
3R8P,3RM6,2.611,0.0,17.01,35.29,5.56,1.0,4,ILE10;VAL18;HIS84;GLN85,False
3R8P,3ROY,2.182,0.0,17.01,35.29,5.56,1.0,4,ILE10;VAL18;HIS84;GLN85,False
3R8P,3RPO,2.47,0.0,17.01,35.29,5.56,1.0,4,ILE10;VAL18;HIS84;GLN85,False
3R8P,5MHQ,2.155,0.0,17.01,35.29,5.56,1.0,4,ILE10;VAL18;HIS84;GLN85,False
3RAI,3PXF,1.433,0.0,23.13,49.53,10.42,1.0,5,GLU8;ILE10;GLY13;VAL18;LYS33,True
3RAI,3PXY,0.83,0.0,23.13,49.53,10.42,1.0,5,GLU8;ILE10;GLY13;VAL18;LYS33,True
3RAI,3PXZ,1.054,0.0,23.13,49.53,10.42,1.0,5,GLU8;ILE10;GLY13;VAL18;LYS33,True
3RAI,3PY0,0.601,0.0,23.13,49.53,10.42,1.0,5,GLU8;ILE10;GLY13;VAL18;LYS33,True
3RAI,3QQF,2.18,0.0,23.13,49.53,10.42,1.0,5,GLU8;ILE10;GLY13;VAL18;LYS33,False
3RAI,3QQJ,0.666,0.0,23.13,49.53,10.42,1.0,5,GLU8;ILE10;GLY13;VAL18;LYS33,True
3RAI,3QRT,1.861,0.0,23.13,49.53,10.42,1.0,5,GLU8;ILE10;GLY13;VAL18;LYS33,True
3RAI,3QWJ,1.594,0.0,23.13,49.53,10.42,1.0,5,GLU8;ILE10;GLY13;VAL18;LYS33,True
3RAI,3QWK,1.722,0.0,23.13,49.53,10.42,1.0,5,GLU8;ILE10;GLY13;VAL18;LYS33,True
3RAI,3QX2,2.733,0.0,23.13,49.53,10.42,1.0,5,GLU8;ILE10;GLY13;VAL18;LYS33,False
3RAI,3QXO,0.945,-6.494,23.13,49.53,10.42,1.0,5,GLU8;ILE10;GLY13;VAL18;LYS33,True
3RAI,3QZG,1.126,0.0,23.13,49.53,10.42,1.0,5,GLU8;ILE10;GLY13;VAL18;LYS33,True
3RAI,3QZI,1.725,-0.04238,23.13,49.53,10.42,1.0,5,GLU8;ILE10;GLY13;VAL18;LYS33,True
3RAI,3R1Q,1.242,-7.582,23.13,49.53,10.42,1.0,5,GLU8;ILE10;GLY13;VAL18;LYS33,True
3RAI,3R1S,2.31,0.0,23.13,49.53,10.42,1.0,5,GLU8;ILE10;GLY13;VAL18;LYS33,False
3RAI,3R1Y,2.052,0.0,23.13,49.53,10.42,1.0,5,GLU8;ILE10;GLY13;VAL18;LYS33,False
3RAI,3R28,2.75,-0.0239,23.13,49.53,10.42,1.0,5,GLU8;ILE10;GLY13;VAL18;LYS33,False
3RAI,3R6X,2.655,0.0,23.13,49.53,10.42,1.0,5,GLU8;ILE10;GLY13;VAL18;LYS33,False
3RAI,3R71,2.419,0.0,23.13,49.53,10.42,1.0,5,GLU8;ILE10;GLY13;VAL18;LYS33,False
3RAI,3R73,2.611,0.0,23.13,49.53,10.42,1.0,5,GLU8;ILE10;GLY13;VAL18;LYS33,False
3RAI,3R7U,2.445,0.0,23.13,49.53,10.42,1.0,5,GLU8;ILE10;GLY13;VAL18;LYS33,False
3RAI,3R83,1.989,0.0,23.13,49.53,10.42,1.0,5,GLU8;ILE10;GLY13;VAL18;LYS33,True
3RAI,3R8M,0.724,0.0,23.13,49.53,10.42,1.0,5,GLU8;ILE10;GLY13;VAL18;LYS33,True
3RAI,3R8P,1.15,0.0,23.13,49.53,10.42,1.0,5,GLU8;ILE10;GLY13;VAL18;LYS33,True
3RAI,3RM6,2.611,0.0,23.13,49.53,10.42,1.0,5,GLU8;ILE10;GLY13;VAL18;LYS33,False
3RAI,3ROY,2.262,0.0,23.13,49.53,10.42,1.0,5,GLU8;ILE10;GLY13;VAL18;LYS33,False
3RAI,3RPO,2.47,0.0,23.13,49.53,10.42,1.0,5,GLU8;ILE10;GLY13;VAL18;LYS33,False
3RAI,5MHQ,2.156,0.0,23.13,49.53,10.42,1.0,5,GLU8;ILE10;GLY13;VAL18;LYS33,False
3RM6,3PXF,1.433,0.0,24.8,62.34,14.34,1.0,5,ILE10;GLY13;THR14;LYS33;ASP145,True
3RM6,3PXY,0.83,0.0,24.8,62.34,14.34,1.0,5,ILE10;GLY13;THR14;LYS33;ASP145,True
3RM6,3PXZ,1.054,0.0,24.8,62.34,14.34,1.0,5,ILE10;GLY13;THR14;LYS33;ASP145,True
3RM6,3PY0,0.601,0.0,24.8,62.34,14.34,1.0,5,ILE10;GLY13;THR14;LYS33;ASP145,True
3RM6,3QQF,2.179,0.0,24.8,62.34,14.34,1.0,5,ILE10;GLY13;THR14;LYS33;ASP145,False
3RM6,3QQJ,0.666,0.0,24.8,62.34,14.34,1.0,5,ILE10;GLY13;THR14;LYS33;ASP145,True
3RM6,3QRT,1.862,0.0,24.8,62.34,14.34,1.0,5,ILE10;GLY13;THR14;LYS33;ASP145,True
3RM6,3QWJ,1.594,0.0,24.8,62.34,14.34,1.0,5,ILE10;GLY13;THR14;LYS33;ASP145,True
3RM6,3QWK,1.722,0.0,24.8,62.34,14.34,1.0,5,ILE10;GLY13;THR14;LYS33;ASP145,True
3RM6,3QX2,2.733,0.0,24.8,62.34,14.34,1.0,5,ILE10;GLY13;THR14;LYS33;ASP145,False
3RM6,3QXO,2.389,0.0,24.8,62.34,14.34,1.0,5,ILE10;GLY13;THR14;LYS33;ASP145,False
3RM6,3QZG,1.126,0.0,24.8,62.34,14.34,1.0,5,ILE10;GLY13;THR14;LYS33;ASP145,True
3RM6,3QZI,1.577,0.0,24.8,62.34,14.34,1.0,5,ILE10;GLY13;THR14;LYS33;ASP145,True
3RM6,3R1Q,1.613,0.0,24.8,62.34,14.34,1.0,5,ILE10;GLY13;THR14;LYS33;ASP145,True
3RM6,3R1S,2.31,0.0,24.8,62.34,14.34,1.0,5,ILE10;GLY13;THR14;LYS33;ASP145,False
3RM6,3R1Y,2.052,0.0,24.8,62.34,14.34,1.0,5,ILE10;GLY13;THR14;LYS33;ASP145,False
3RM6,3R28,1.722,0.0,24.8,62.34,14.34,1.0,5,ILE10;GLY13;THR14;LYS33;ASP145,True
3RM6,3R6X,2.653,0.0,24.8,62.34,14.34,1.0,5,ILE10;GLY13;THR14;LYS33;ASP145,False
3RM6,3R71,2.362,0.0,24.8,62.34,14.34,1.0,5,ILE10;GLY13;THR14;LYS33;ASP145,False
3RM6,3R73,2.61,0.0,24.8,62.34,14.34,1.0,5,ILE10;GLY13;THR14;LYS33;ASP145,False
3RM6,3R7U,2.446,0.0,24.8,62.34,14.34,1.0,5,ILE10;GLY13;THR14;LYS33;ASP145,False
3RM6,3R83,1.988,0.0,24.8,62.34,14.34,1.0,5,ILE10;GLY13;THR14;LYS33;ASP145,True
3RM6,3R8M,0.724,0.0,24.8,62.34,14.34,1.0,5,ILE10;GLY13;THR14;LYS33;ASP145,True
3RM6,3R8P,1.151,0.0,24.8,62.34,14.34,1.0,5,ILE10;GLY13;THR14;LYS33;ASP145,True
3RM6,3RAI,2.638,0.0,24.8,62.34,14.34,1.0,5,ILE10;GLY13;THR14;LYS33;ASP145,False
3RM6,3ROY,2.182,0.0,24.8,62.34,14.34,1.0,5,ILE10;GLY13;THR14;LYS33;ASP145,False
3RM6,3RPO,2.47,0.0,24.8,62.34,14.34,1.0,5,ILE10;GLY13;THR14;LYS33;ASP145,False
3RM6,5MHQ,2.155,0.0,24.8,62.34,14.34,1.0,5,ILE10;GLY13;THR14;LYS33;ASP145,False
3ROY,3PXF,1.433,0.0,27.54,57.99,16.06,1.0,5,ILE10;GLY11;GLU12;GLY13;LYS33,True
3ROY,3PXY,0.83,0.0,27.54,57.99,16.06,1.0,5,ILE10;GLY11;GLU12;GLY13;LYS33,True
3ROY,3PXZ,1.054,0.0,27.54,57.99,16.06,1.0,5,ILE10;GLY11;GLU12;GLY13;LYS33,True
3ROY,3PY0,0.6,0.0,27.54,57.99,16.06,1.0,5,ILE10;GLY11;GLU12;GLY13;LYS33,True
3ROY,3QQF,2.18,0.0,27.54,57.99,16.06,1.0,5,ILE10;GLY11;GLU12;GLY13;LYS33,False
3ROY,3QQJ,0.666,0.0,27.54,57.99,16.06,1.0,5,ILE10;GLY11;GLU12;GLY13;LYS33,True
3ROY,3QRT,1.862,0.0,27.54,57.99,16.06,1.0,5,ILE10;GLY11;GLU12;GLY13;LYS33,True
3ROY,3QWJ,1.594,0.0,27.54,57.99,16.06,1.0,5,ILE10;GLY11;GLU12;GLY13;LYS33,True
3ROY,3QWK,1.722,0.0,27.54,57.99,16.06,1.0,5,ILE10;GLY11;GLU12;GLY13;LYS33,True
3ROY,3QX2,2.709,0.0,27.54,57.99,16.06,1.0,5,ILE10;GLY11;GLU12;GLY13;LYS33,False
3ROY,3QXO,2.388,0.0,27.54,57.99,16.06,1.0,5,ILE10;GLY11;GLU12;GLY13;LYS33,False
3ROY,3QZG,1.126,0.0,27.54,57.99,16.06,1.0,5,ILE10;GLY11;GLU12;GLY13;LYS33,True
3ROY,3QZI,1.247,-7.703,27.54,57.99,16.06,1.0,5,ILE10;GLY11;GLU12;GLY13;LYS33,True
3ROY,3R1Q,1.613,0.0,27.54,57.99,16.06,1.0,5,ILE10;GLY11;GLU12;GLY13;LYS33,True
3ROY,3R1S,2.31,0.0,27.54,57.99,16.06,1.0,5,ILE10;GLY11;GLU12;GLY13;LYS33,False
3ROY,3R1Y,2.052,0.0,27.54,57.99,16.06,1.0,5,ILE10;GLY11;GLU12;GLY13;LYS33,False
3ROY,3R28,1.918,-8.915,27.54,57.99,16.06,1.0,5,ILE10;GLY11;GLU12;GLY13;LYS33,True
3ROY,3R6X,1.703,-7.608,27.54,57.99,16.06,1.0,5,ILE10;GLY11;GLU12;GLY13;LYS33,True
3ROY,3R71,2.362,0.0,27.54,57.99,16.06,1.0,5,ILE10;GLY11;GLU12;GLY13;LYS33,False
3ROY,3R73,2.611,0.0,27.54,57.99,16.06,1.0,5,ILE10;GLY11;GLU12;GLY13;LYS33,False
3ROY,3R7U,2.446,0.0,27.54,57.99,16.06,1.0,5,ILE10;GLY11;GLU12;GLY13;LYS33,False
3ROY,3R83,1.989,0.0,27.54,57.99,16.06,1.0,5,ILE10;GLY11;GLU12;GLY13;LYS33,True
3ROY,3R8M,0.724,0.0,27.54,57.99,16.06,1.0,5,ILE10;GLY11;GLU12;GLY13;LYS33,True
3ROY,3R8P,1.15,0.0,27.54,57.99,16.06,1.0,5,ILE10;GLY11;GLU12;GLY13;LYS33,True
3ROY,3RAI,2.674,0.0,27.54,57.99,16.06,1.0,5,ILE10;GLY11;GLU12;GLY13;LYS33,False
3ROY,3RM6,2.611,0.0,27.54,57.99,16.06,1.0,5,ILE10;GLY11;GLU12;GLY13;LYS33,False
3ROY,3RPO,2.47,0.0,27.54,57.99,16.06,1.0,5,ILE10;GLY11;GLU12;GLY13;LYS33,False
3ROY,5MHQ,2.155,0.0,27.54,57.99,16.06,1.0,5,ILE10;GLY11;GLU12;GLY13;LYS33,False
3RPO,3PXF,1.433,0.0,23.23,44.82,9.55,1.0,5,ILE10;GLY11;GLU12;GLY13;LYS33,True
3RPO,3PXY,0.83,0.0,23.23,44.82,9.55,1.0,5,ILE10;GLY11;GLU12;GLY13;LYS33,True
3RPO,3PXZ,1.054,0.0,23.23,44.82,9.55,1.0,5,ILE10;GLY11;GLU12;GLY13;LYS33,True
3RPO,3PY0,0.6,0.0,23.23,44.82,9.55,1.0,5,ILE10;GLY11;GLU12;GLY13;LYS33,True
3RPO,3QQF,2.18,0.0,23.23,44.82,9.55,1.0,5,ILE10;GLY11;GLU12;GLY13;LYS33,False
3RPO,3QQJ,0.666,0.0,23.23,44.82,9.55,1.0,5,ILE10;GLY11;GLU12;GLY13;LYS33,True
3RPO,3QRT,1.862,0.0,23.23,44.82,9.55,1.0,5,ILE10;GLY11;GLU12;GLY13;LYS33,True
3RPO,3QWJ,1.594,0.0,23.23,44.82,9.55,1.0,5,ILE10;GLY11;GLU12;GLY13;LYS33,True
3RPO,3QWK,1.721,0.0,23.23,44.82,9.55,1.0,5,ILE10;GLY11;GLU12;GLY13;LYS33,True
3RPO,3QX2,2.733,0.0,23.23,44.82,9.55,1.0,5,ILE10;GLY11;GLU12;GLY13;LYS33,False
3RPO,3QXO,2.523,0.0,23.23,44.82,9.55,1.0,5,ILE10;GLY11;GLU12;GLY13;LYS33,False
3RPO,3QZG,1.126,0.0,23.23,44.82,9.55,1.0,5,ILE10;GLY11;GLU12;GLY13;LYS33,True
3RPO,3QZI,1.577,0.0,23.23,44.82,9.55,1.0,5,ILE10;GLY11;GLU12;GLY13;LYS33,True
3RPO,3R1Q,1.614,0.0,23.23,44.82,9.55,1.0,5,ILE10;GLY11;GLU12;GLY13;LYS33,True
3RPO,3R1S,1.781,-0.4694,23.23,44.82,9.55,1.0,5,ILE10;GLY11;GLU12;GLY13;LYS33,True
3RPO,3R1Y,2.052,0.0,23.23,44.82,9.55,1.0,5,ILE10;GLY11;GLU12;GLY13;LYS33,False
3RPO,3R28,1.722,0.0,23.23,44.82,9.55,1.0,5,ILE10;GLY11;GLU12;GLY13;LYS33,True
3RPO,3R6X,2.655,0.0,23.23,44.82,9.55,1.0,5,ILE10;GLY11;GLU12;GLY13;LYS33,False
3RPO,3R71,1.713,-0.4132,23.23,44.82,9.55,1.0,5,ILE10;GLY11;GLU12;GLY13;LYS33,True
3RPO,3R73,2.373,-0.3177,23.23,44.82,9.55,1.0,5,ILE10;GLY11;GLU12;GLY13;LYS33,False
3RPO,3R7U,2.446,0.0,23.23,44.82,9.55,1.0,5,ILE10;GLY11;GLU12;GLY13;LYS33,False
3RPO,3R83,1.988,0.0,23.23,44.82,9.55,1.0,5,ILE10;GLY11;GLU12;GLY13;LYS33,True
3RPO,3R8M,0.724,0.0,23.23,44.82,9.55,1.0,5,ILE10;GLY11;GLU12;GLY13;LYS33,True
3RPO,3R8P,1.15,0.0,23.23,44.82,9.55,1.0,5,ILE10;GLY11;GLU12;GLY13;LYS33,True
3RPO,3RAI,2.674,0.0,23.23,44.82,9.55,1.0,5,ILE10;GLY11;GLU12;GLY13;LYS33,False
3RPO,3RM6,2.61,0.0,23.23,44.82,9.55,1.0,5,ILE10;GLY11;GLU12;GLY13;LYS33,False
3RPO,3ROY,2.182,0.0,23.23,44.82,9.55,1.0,5,ILE10;GLY11;GLU12;GLY13;LYS33,False
3RPO,5MHQ,2.155,0.0,23.23,44.82,9.55,1.0,5,ILE10;GLY11;GLU12;GLY13;LYS33,False
5MHQ,3PXF,1.433,0.0,19.64,41.58,6.08,1.0,6,GLU8;ILE10;GLU12;HIS84;GLN85;LYS89,True
5MHQ,3PXY,0.83,0.0,19.64,41.58,6.08,1.0,6,GLU8;ILE10;GLU12;HIS84;GLN85;LYS89,True
5MHQ,3PXZ,1.055,0.0,19.64,41.58,6.08,1.0,6,GLU8;ILE10;GLU12;HIS84;GLN85;LYS89,True
5MHQ,3PY0,0.6,0.0,19.64,41.58,6.08,1.0,6,GLU8;ILE10;GLU12;HIS84;GLN85;LYS89,True
5MHQ,3QQF,2.179,0.0,19.64,41.58,6.08,1.0,6,GLU8;ILE10;GLU12;HIS84;GLN85;LYS89,False
5MHQ,3QQJ,0.666,0.0,19.64,41.58,6.08,1.0,6,GLU8;ILE10;GLU12;HIS84;GLN85;LYS89,True
5MHQ,3QRT,1.86,0.0,19.64,41.58,6.08,1.0,6,GLU8;ILE10;GLU12;HIS84;GLN85;LYS89,True
5MHQ,3QWJ,1.594,0.0,19.64,41.58,6.08,1.0,6,GLU8;ILE10;GLU12;HIS84;GLN85;LYS89,True
5MHQ,3QWK,1.722,0.0,19.64,41.58,6.08,1.0,6,GLU8;ILE10;GLU12;HIS84;GLN85;LYS89,True
5MHQ,3QX2,2.708,0.0,19.64,41.58,6.08,1.0,6,GLU8;ILE10;GLU12;HIS84;GLN85;LYS89,False
5MHQ,3QXO,2.522,0.0,19.64,41.58,6.08,1.0,6,GLU8;ILE10;GLU12;HIS84;GLN85;LYS89,False
5MHQ,3QZG,1.126,0.0,19.64,41.58,6.08,1.0,6,GLU8;ILE10;GLU12;HIS84;GLN85;LYS89,True
5MHQ,3QZI,1.577,0.0,19.64,41.58,6.08,1.0,6,GLU8;ILE10;GLU12;HIS84;GLN85;LYS89,True
5MHQ,3R1Q,1.614,0.0,19.64,41.58,6.08,1.0,6,GLU8;ILE10;GLU12;HIS84;GLN85;LYS89,True
5MHQ,3R1S,2.31,0.0,19.64,41.58,6.08,1.0,6,GLU8;ILE10;GLU12;HIS84;GLN85;LYS89,False
5MHQ,3R1Y,2.052,0.0,19.64,41.58,6.08,1.0,6,GLU8;ILE10;GLU12;HIS84;GLN85;LYS89,False
5MHQ,3R28,1.722,0.0,19.64,41.58,6.08,1.0,6,GLU8;ILE10;GLU12;HIS84;GLN85;LYS89,True
5MHQ,3R6X,2.653,0.0,19.64,41.58,6.08,1.0,6,GLU8;ILE10;GLU12;HIS84;GLN85;LYS89,False
5MHQ,3R71,2.363,0.0,19.64,41.58,6.08,1.0,6,GLU8;ILE10;GLU12;HIS84;GLN85;LYS89,False
5MHQ,3R73,2.61,0.0,19.64,41.58,6.08,1.0,6,GLU8;ILE10;GLU12;HIS84;GLN85;LYS89,False
5MHQ,3R7U,2.445,0.0,19.64,41.58,6.08,1.0,6,GLU8;ILE10;GLU12;HIS84;GLN85;LYS89,False
5MHQ,3R83,1.988,0.0,19.64,41.58,6.08,1.0,6,GLU8;ILE10;GLU12;HIS84;GLN85;LYS89,True
5MHQ,3R8M,0.724,0.0,19.64,41.58,6.08,1.0,6,GLU8;ILE10;GLU12;HIS84;GLN85;LYS89,True
5MHQ,3R8P,1.15,0.0,19.64,41.58,6.08,1.0,6,GLU8;ILE10;GLU12;HIS84;GLN85;LYS89,True
5MHQ,3RAI,2.675,0.0,19.64,41.58,6.08,1.0,6,GLU8;ILE10;GLU12;HIS84;GLN85;LYS89,False
5MHQ,3RM6,2.611,0.0,19.64,41.58,6.08,1.0,6,GLU8;ILE10;GLU12;HIS84;GLN85;LYS89,False
5MHQ,3ROY,2.182,0.0,19.64,41.58,6.08,1.0,6,GLU8;ILE10;GLU12;HIS84;GLN85;LYS89,False
5MHQ,3RPO,2.47,0.0,19.64,41.58,6.08,1.0,6,GLU8;ILE10;GLU12;HIS84;GLN85;LYS89,False
