pdb_id,ligand,n_binding_site_residues,pocket_avg_bfactor,pocket_std_bfactor,max_bfactor_residue
3PXF,2AN,24,28.04,14.21,VAL44
3PXY,JWS,17,23.95,8.51,ILE10
3PXZ,2AN,24,24.54,11.86,VAL44
3PY0,SU9,17,24.6,6.09,ILE10
3QQF,X07,16,27.94,17.38,GLU8
3QQJ,X11,17,19.31,5.44,GLY11
3QQL,X03,17,21.49,4.43,ILE10
3QRT,X14,18,18.01,7.38,ILE10
3QWJ,X6A,17,27.17,14.13,GLY13
3QWK,X62,17,28.8,16.44,GLY13
3QX2,X63,18,25.32,10.74,GLY13
3QXO,X65,17,25.81,15.58,GLU8
3QZG,X67,16,25.08,14.41,GLY11
3QZI,X72,15,24.02,12.61,GLY13
3R1Q,X75,16,26.99,14.67,GLY13
3R1S,X73,16,27.31,16.77,GLY13
3R1Y,X76,14,25.14,13.81,ILE10
3R28,XA0,15,24.68,15.42,GLY11
3R6X,X84,17,25.59,14.09,GLY13
3R71,X86,19,16.93,7.4,GLU8
3R73,X87,17,22.94,12.78,GLY13
3R7U,X96,17,23.38,13.07,GLY13
3R83,Z14,19,15.67,3.88,GLU12
3R8M,Z19,13,25.4,10.03,ILE10
3R8P,Z46,16,17.01,5.56,ILE10
3RAI,X85,18,23.13,10.42,GLY13
3RM6,18Z,20,24.8,14.34,THR14
3ROY,22Z,17,27.54,16.06,GLU12
3RPO,24Z,20,23.23,9.55,GLU12
5MHQ,8QT,21,19.64,6.08,GLU8
