receptor,ligand_from,rmsd,affinity,status
3PXF,3PXY,9.57,0.0,high_rmsd
3PXF,3PXZ,20.341,-2.28,high_rmsd
3PXF,3PY0,7.896,0.0,high_rmsd
3PXF,3QQF,7.325,0.0,high_rmsd
3PXF,3QQJ,12.326,0.0,high_rmsd
3PXF,3QQL,,,vina_failed
3PXF,3QRT,7.575,0.0,high_rmsd
3PXF,3QWJ,8.708,0.0,high_rmsd
3PXF,3QWK,9.129,0.0,high_rmsd
3PXF,3QX2,9.573,0.0,high_rmsd
3PXF,3QXO,12.26,0.0,high_rmsd
3PXF,3QZG,12.043,0.0,high_rmsd
3PXF,3QZI,8.757,0.0,high_rmsd
3PXF,3R1Q,9.107,0.0,high_rmsd
3PXF,3R1S,6.294,0.0,high_rmsd
3PXF,3R1Y,6.328,0.0,high_rmsd
3PXF,3R28,8.03,0.0,high_rmsd
3PXF,3R6X,9.777,0.0,high_rmsd
3PXF,3R71,8.768,0.0,high_rmsd
3PXF,3R73,10.621,0.0,high_rmsd
3PXF,3R7U,5.872,0.0,high_rmsd
3PXF,3R83,9.577,0.0,high_rmsd
3PXF,3R8M,10.06,0.0,high_rmsd
3PXF,3R8P,6.394,0.0,high_rmsd
3PXF,3RAI,6.93,0.0,high_rmsd
3PXF,3RM6,6.589,0.0,high_rmsd
3PXF,3ROY,7.823,0.0,high_rmsd
3PXF,3RPO,10.755,0.0,high_rmsd
3PXF,5MHQ,8.924,0.0,high_rmsd
3PXY,3PXF,9.113,0.0,high_rmsd
3PXY,3PXZ,16.003,0.0,high_rmsd
3PXY,3PY0,10.157,0.0,high_rmsd
3PXY,3QQF,12.913,-0.03837,high_rmsd
3PXY,3QQJ,8.772,0.0,high_rmsd
3PXY,3QQL,,,vina_failed
3PXY,3QRT,7.439,0.0,high_rmsd
3PXY,3QWJ,6.087,0.0,high_rmsd
3PXY,3QWK,8.436,0.0,high_rmsd
3PXY,3QX2,10.64,0.0,high_rmsd
3PXY,3QXO,8.753,0.0,high_rmsd
3PXY,3QZG,15.469,-0.7264,high_rmsd
3PXY,3QZI,10.195,0.0,high_rmsd
3PXY,3R1Q,10.13,0.0,high_rmsd
3PXY,3R1S,8.162,0.0,high_rmsd
3PXY,3R1Y,9.627,0.0,high_rmsd
3PXY,3R28,10.895,0.0,high_rmsd
3PXY,3R6X,7.682,0.0,high_rmsd
3PXY,3R71,7.017,0.0,high_rmsd
3PXY,3R73,12.747,0.0,high_rmsd
3PXY,3R7U,11.362,0.0,high_rmsd
3PXY,3R83,6.92,0.0,high_rmsd
3PXY,3R8M,5.444,0.0,high_rmsd
3PXY,3R8P,8.035,0.0,high_rmsd
3PXY,3RAI,5.792,0.0,high_rmsd
3PXY,3RM6,11.96,-2.628,high_rmsd
3PXY,3ROY,6.215,0.0,high_rmsd
3PXY,3RPO,8.97,0.0,high_rmsd
3PXY,5MHQ,6.9,0.0,high_rmsd
3PXZ,3PXF,9.272,0.0,high_rmsd
3PXZ,3PXY,8.031,0.0,high_rmsd
3PXZ,3PY0,9.327,0.0,high_rmsd
3PXZ,3QQF,6.105,0.0,high_rmsd
3PXZ,3QQJ,9.932,0.0,high_rmsd
3PXZ,3QQL,,,vina_failed
3PXZ,3QRT,6.368,0.0,high_rmsd
3PXZ,3QWJ,10.004,0.0,high_rmsd
3PXZ,3QWK,10.616,0.0,high_rmsd
3PXZ,3QX2,8.175,0.0,high_rmsd
3PXZ,3QXO,9.999,0.0,high_rmsd
3PXZ,3QZG,8.339,0.0,high_rmsd
3PXZ,3QZI,5.7,0.0,high_rmsd
3PXZ,3R1Q,8.554,0.0,high_rmsd
3PXZ,3R1S,9.231,0.0,high_rmsd
3PXZ,3R1Y,9.519,0.0,high_rmsd
3PXZ,3R28,10.208,0.0,high_rmsd
3PXZ,3R6X,7.977,0.0,high_rmsd
3PXZ,3R71,4.79,0.0,high_rmsd
3PXZ,3R73,5.42,0.0,high_rmsd
3PXZ,3R7U,7.028,0.0,high_rmsd
3PXZ,3R83,7.697,0.0,high_rmsd
3PXZ,3R8M,11.928,0.0,high_rmsd
3PXZ,3R8P,7.577,0.0,high_rmsd
3PXZ,3RAI,10.163,0.0,high_rmsd
3PXZ,3RM6,9.79,0.0,high_rmsd
3PXZ,3ROY,6.61,0.0,high_rmsd
3PXZ,3RPO,13.973,-0.203,high_rmsd
3PXZ,5MHQ,11.413,0.0,high_rmsd
3PY0,3PXF,13.942,0.0,high_rmsd
3PY0,3PXY,5.493,0.0,high_rmsd
3PY0,3PXZ,10.394,0.0,high_rmsd
3PY0,3QQF,8.296,0.0,high_rmsd
3PY0,3QQJ,7.808,0.0,high_rmsd
3PY0,3QQL,,,vina_failed
3PY0,3QRT,11.439,0.0,high_rmsd
3PY0,3QWJ,7.862,0.0,high_rmsd
3PY0,3QWK,8.473,0.0,high_rmsd
3PY0,3QX2,7.681,0.0,high_rmsd
3PY0,3QXO,5.3,0.0,high_rmsd
3PY0,3QZG,10.104,0.0,high_rmsd
3PY0,3QZI,11.052,0.0,high_rmsd
3PY0,3R1Q,7.163,0.0,high_rmsd
3PY0,3R1S,7.614,0.0,high_rmsd
3PY0,3R1Y,7.145,0.0,high_rmsd
3PY0,3R28,6.66,0.0,high_rmsd
3PY0,3R6X,8.625,0.0,high_rmsd
3PY0,3R71,11.628,0.0,high_rmsd
3PY0,3R73,11.889,0.0,high_rmsd
3PY0,3R7U,8.069,0.0,high_rmsd
3PY0,3R83,8.465,0.0,high_rmsd
3PY0,3R8M,10.827,0.0,high_rmsd
3PY0,3R8P,8.921,0.0,high_rmsd
3PY0,3RAI,8.978,0.0,high_rmsd
3PY0,3RM6,6.534,0.0,high_rmsd
3PY0,3ROY,9.759,0.0,high_rmsd
3PY0,3RPO,10.597,0.0,high_rmsd
3PY0,5MHQ,6.726,0.0,high_rmsd
3QQF,3PXF,10.226,0.0,high_rmsd
3QQF,3PXY,9.816,0.0,high_rmsd
3QQF,3PXZ,6.819,0.0,high_rmsd
3QQF,3PY0,9.69,0.0,high_rmsd
3QQF,3QQJ,9.052,0.0,high_rmsd
3QQF,3QQL,,,vina_failed
3QQF,3QRT,6.472,0.0,high_rmsd
3QQF,3QWJ,7.035,0.0,high_rmsd
3QQF,3QWK,8.726,0.0,high_rmsd
3QQF,3QX2,6.737,0.0,high_rmsd
3QQF,3QXO,9.81,0.0,high_rmsd
3QQF,3QZG,8.82,0.0,high_rmsd
3QQF,3QZI,13.029,0.0,high_rmsd
3QQF,3R1Q,7.952,0.0,high_rmsd
3QQF,3R1S,7.893,0.0,high_rmsd
3QQF,3R1Y,8.23,0.0,high_rmsd
3QQF,3R28,7.967,0.0,high_rmsd
3QQF,3R6X,8.407,0.0,high_rmsd
3QQF,3R71,6.661,0.0,high_rmsd
3QQF,3R73,9.427,0.0,high_rmsd
3QQF,3R7U,14.296,-0.1184,high_rmsd
3QQF,3R83,7.149,0.0,high_rmsd
3QQF,3R8M,9.858,0.0,high_rmsd
3QQF,3R8P,7.636,0.0,high_rmsd
3QQF,3RAI,10.396,0.0,high_rmsd
3QQF,3RM6,6.934,0.0,high_rmsd
3QQF,3ROY,6.804,0.0,high_rmsd
3QQF,3RPO,6.285,0.0,high_rmsd
3QQF,5MHQ,11.159,0.0,high_rmsd
3QQJ,3PXF,10.659,0.0,high_rmsd
3QQJ,3PXY,11.274,0.0,high_rmsd
3QQJ,3PXZ,12.244,0.0,high_rmsd
3QQJ,3PY0,9.337,0.0,high_rmsd
3QQJ,3QQF,9.58,0.0,high_rmsd
3QQJ,3QQL,,,vina_failed
3QQJ,3QRT,9.525,0.0,high_rmsd
3QQJ,3QWJ,15.853,-0.4535,high_rmsd
3QQJ,3QWK,10.618,0.0,high_rmsd
3QQJ,3QX2,9.833,0.0,high_rmsd
3QQJ,3QXO,13.866,-4.624,high_rmsd
3QQJ,3QZG,9.476,0.0,high_rmsd
3QQJ,3QZI,8.345,0.0,high_rmsd
3QQJ,3R1Q,6.246,0.0,high_rmsd
3QQJ,3R1S,11.607,0.0,high_rmsd
3QQJ,3R1Y,12.531,0.0,high_rmsd
3QQJ,3R28,9.835,0.0,high_rmsd
3QQJ,3R6X,8.291,0.0,high_rmsd
3QQJ,3R71,7.338,0.0,high_rmsd
3QQJ,3R73,8.149,0.0,high_rmsd
3QQJ,3R7U,7.345,0.0,high_rmsd
3QQJ,3R83,9.678,0.0,high_rmsd
3QQJ,3R8M,11.115,0.0,high_rmsd
3QQJ,3R8P,8.757,0.0,high_rmsd
3QQJ,3RAI,8.91,0.0,high_rmsd
3QQJ,3RM6,8.958,0.0,high_rmsd
3QQJ,3ROY,8.259,0.0,high_rmsd
3QQJ,3RPO,7.146,0.0,high_rmsd
3QQJ,5MHQ,6.082,0.0,high_rmsd
3QQL,3PXF,12.013,0.0,high_rmsd
3QQL,3PXY,10.563,0.0,high_rmsd
3QQL,3PXZ,13.596,0.0,high_rmsd
3QQL,3PY0,11.727,0.0,high_rmsd
3QQL,3QQF,8.983,0.0,high_rmsd
3QQL,3QQJ,6.473,0.0,high_rmsd
3QQL,3QRT,10.552,0.0,high_rmsd
3QQL,3QWJ,8.719,0.0,high_rmsd
3QQL,3QWK,7.261,0.0,high_rmsd
3QQL,3QX2,9.567,0.0,high_rmsd
3QQL,3QXO,11.191,0.0,high_rmsd
3QQL,3QZG,10.482,0.0,high_rmsd
3QQL,3QZI,7.216,0.0,high_rmsd
3QQL,3R1Q,8.038,0.0,high_rmsd
3QQL,3R1S,9.801,0.0,high_rmsd
3QQL,3R1Y,9.306,0.0,high_rmsd
3QQL,3R28,6.592,0.0,high_rmsd
3QQL,3R6X,6.088,0.0,high_rmsd
3QQL,3R71,6.563,0.0,high_rmsd
3QQL,3R73,7.154,0.0,high_rmsd
3QQL,3R7U,8.418,0.0,high_rmsd
3QQL,3R83,7.127,0.0,high_rmsd
3QQL,3R8M,9.399,0.0,high_rmsd
3QQL,3R8P,7.201,0.0,high_rmsd
3QQL,3RAI,9.504,0.0,high_rmsd
3QQL,3RM6,9.745,0.0,high_rmsd
3QQL,3ROY,5.684,0.0,high_rmsd
3QQL,3RPO,10.651,0.0,high_rmsd
3QQL,5MHQ,9.061,0.0,high_rmsd
3QRT,3PXF,5.393,0.0,high_rmsd
3QRT,3PXY,7.352,0.0,high_rmsd
3QRT,3PXZ,11.11,0.0,high_rmsd
3QRT,3PY0,8.423,0.0,high_rmsd
3QRT,3QQF,10.487,0.0,high_rmsd
3QRT,3QQJ,6.717,0.0,high_rmsd
3QRT,3QQL,,,vina_failed
3QRT,3QWJ,5.494,0.0,high_rmsd
3QRT,3QWK,9.365,0.0,high_rmsd
3QRT,3QX2,8.771,0.0,high_rmsd
3QRT,3QXO,12.13,0.0,high_rmsd
3QRT,3QZG,6.189,0.0,high_rmsd
3QRT,3QZI,9.791,0.0,high_rmsd
3QRT,3R1Q,10.37,0.0,high_rmsd
3QRT,3R1S,7.041,0.0,high_rmsd
3QRT,3R1Y,9.956,0.0,high_rmsd
3QRT,3R28,8.756,0.0,high_rmsd
3QRT,3R6X,8.277,0.0,high_rmsd
3QRT,3R71,10.011,-5.752,high_rmsd
3QRT,3R73,9.833,-6.139,high_rmsd
3QRT,3R7U,10.052,0.0,high_rmsd
3QRT,3R83,8.309,0.0,high_rmsd
3QRT,3R8M,11.257,0.0,high_rmsd
3QRT,3R8P,11.047,0.0,high_rmsd
3QRT,3RAI,6.698,0.0,high_rmsd
3QRT,3RM6,8.789,0.0,high_rmsd
3QRT,3ROY,7.214,0.0,high_rmsd
3QRT,3RPO,5.265,0.0,high_rmsd
3QRT,5MHQ,9.214,0.0,high_rmsd
3QWJ,3PXF,13.121,0.0,high_rmsd
3QWJ,3PXY,11.971,0.0,high_rmsd
3QWJ,3PXZ,7.622,0.0,high_rmsd
3QWJ,3PY0,7.115,0.0,high_rmsd
3QWJ,3QQF,7.68,0.0,high_rmsd
3QWJ,3QQJ,7.866,0.0,high_rmsd
3QWJ,3QQL,,,vina_failed
3QWJ,3QRT,8.233,0.0,high_rmsd
3QWJ,3QWK,5.776,0.0,high_rmsd
3QWJ,3QX2,10.433,0.0,high_rmsd
3QWJ,3QXO,12.896,-0.03611,high_rmsd
3QWJ,3QZG,6.58,0.0,high_rmsd
3QWJ,3QZI,7.074,0.0,high_rmsd
3QWJ,3R1Q,6.933,0.0,high_rmsd
3QWJ,3R1S,7.494,0.0,high_rmsd
3QWJ,3R1Y,8.02,0.0,high_rmsd
3QWJ,3R28,8.365,0.0,high_rmsd
3QWJ,3R6X,7.131,0.0,high_rmsd
3QWJ,3R71,6.699,0.0,high_rmsd
3QWJ,3R73,4.894,0.0,high_rmsd
3QWJ,3R7U,5.051,0.0,high_rmsd
3QWJ,3R83,8.33,0.0,high_rmsd
3QWJ,3R8M,8.109,0.0,high_rmsd
3QWJ,3R8P,10.322,0.0,high_rmsd
3QWJ,3RAI,6.894,0.0,high_rmsd
3QWJ,3RM6,9.656,0.0,high_rmsd
3QWJ,3ROY,9.463,0.0,high_rmsd
3QWJ,3RPO,5.724,0.0,high_rmsd
3QWJ,5MHQ,10.708,0.0,high_rmsd
3QWK,3PXF,5.426,0.0,high_rmsd
3QWK,3PXY,8.467,0.0,high_rmsd
3QWK,3PXZ,6.772,0.0,high_rmsd
3QWK,3PY0,8.868,0.0,high_rmsd
3QWK,3QQF,9.214,0.0,high_rmsd
3QWK,3QQJ,11.181,0.0,high_rmsd
3QWK,3QQL,,,vina_failed
3QWK,3QRT,7.782,0.0,high_rmsd
3QWK,3QWJ,6.683,0.0,high_rmsd
3QWK,3QX2,8.871,0.0,high_rmsd
3QWK,3QXO,6.224,0.0,high_rmsd
3QWK,3QZG,11.022,0.0,high_rmsd
3QWK,3QZI,11.165,0.0,high_rmsd
3QWK,3R1Q,8.484,0.0,high_rmsd
3QWK,3R1S,7.81,0.0,high_rmsd
3QWK,3R1Y,15.396,0.0,high_rmsd
3QWK,3R28,8.144,0.0,high_rmsd
3QWK,3R6X,10.026,0.0,high_rmsd
3QWK,3R71,7.529,0.0,high_rmsd
3QWK,3R73,11.29,0.0,high_rmsd
3QWK,3R7U,8.953,0.0,high_rmsd
3QWK,3R83,6.058,0.0,high_rmsd
3QWK,3R8M,8.366,0.0,high_rmsd
3QWK,3R8P,8.762,0.0,high_rmsd
3QWK,3RAI,6.659,0.0,high_rmsd
3QWK,3RM6,10.255,0.0,high_rmsd
3QWK,3ROY,11.593,0.0,high_rmsd
3QWK,3RPO,12.127,0.0,high_rmsd
3QWK,5MHQ,7.229,0.0,high_rmsd
3QX2,3PXF,11.888,0.0,high_rmsd
3QX2,3PXY,7.822,0.0,high_rmsd
3QX2,3PXZ,12.285,0.0,high_rmsd
3QX2,3PY0,6.091,0.0,high_rmsd
3QX2,3QQF,4.188,0.0,high_rmsd
3QX2,3QQJ,12.192,0.0,high_rmsd
3QX2,3QQL,,,vina_failed
3QX2,3QRT,11.148,0.0,high_rmsd
3QX2,3QWJ,7.409,0.0,high_rmsd
3QX2,3QWK,9.524,0.0,high_rmsd
3QX2,3QXO,10.212,0.0,high_rmsd
3QX2,3QZG,5.281,0.0,high_rmsd
3QX2,3QZI,9.012,0.0,high_rmsd
3QX2,3R1Q,6.943,0.0,high_rmsd
3QX2,3R1S,9.989,0.0,high_rmsd
3QX2,3R1Y,9.551,0.0,high_rmsd
3QX2,3R28,7.77,0.0,high_rmsd
3QX2,3R6X,7.554,0.0,high_rmsd
3QX2,3R71,11.484,0.0,high_rmsd
3QX2,3R73,10.859,0.0,high_rmsd
3QX2,3R7U,7.683,0.0,high_rmsd
3QX2,3R83,9.963,0.0,high_rmsd
3QX2,3R8M,3.591,0.0,high_rmsd
3QX2,3R8P,8.177,0.0,high_rmsd
3QX2,3RAI,6.938,0.0,high_rmsd
3QX2,3RM6,6.978,0.0,high_rmsd
3QX2,3ROY,10.065,0.0,high_rmsd
3QX2,3RPO,8.704,0.0,high_rmsd
3QX2,5MHQ,7.888,0.0,high_rmsd
3QXO,3PXF,6.964,0.0,high_rmsd
3QXO,3PXY,10.728,0.0,high_rmsd
3QXO,3PXZ,16.081,0.0,high_rmsd
3QXO,3PY0,8.025,0.0,high_rmsd
3QXO,3QQF,9.435,0.0,high_rmsd
3QXO,3QQJ,5.941,0.0,high_rmsd
3QXO,3QQL,,,vina_failed
3QXO,3QRT,9.386,0.0,high_rmsd
3QXO,3QWJ,5.399,0.0,high_rmsd
3QXO,3QWK,7.311,0.0,high_rmsd
3QXO,3QX2,10.225,0.0,high_rmsd
3QXO,3QZG,9.885,0.0,high_rmsd
3QXO,3QZI,6.254,0.0,high_rmsd
3QXO,3R1Q,13.746,-5.836,high_rmsd
3QXO,3R1S,7.335,0.0,high_rmsd
3QXO,3R1Y,10.298,0.0,high_rmsd
3QXO,3R28,9.881,0.0,high_rmsd
3QXO,3R6X,9.824,0.0,high_rmsd
3QXO,3R71,9.995,0.0,high_rmsd
3QXO,3R73,6.136,0.0,high_rmsd
3QXO,3R7U,11.35,0.0,high_rmsd
3QXO,3R83,10.325,0.0,high_rmsd
3QXO,3R8M,6.307,0.0,high_rmsd
3QXO,3R8P,6.349,0.0,high_rmsd
3QXO,3RAI,13.81,-6.904,high_rmsd
3QXO,3RM6,9.932,0.0,high_rmsd
3QXO,3ROY,10.187,0.0,high_rmsd
3QXO,3RPO,9.14,0.0,high_rmsd
3QXO,5MHQ,7.093,0.0,high_rmsd
3QZG,3PXF,9.845,0.0,high_rmsd
3QZG,3PXY,8.886,-5.933,high_rmsd
3QZG,3PXZ,9.726,0.0,high_rmsd
3QZG,3PY0,8.894,0.0,high_rmsd
3QZG,3QQF,9.257,0.0,high_rmsd
3QZG,3QQJ,4.987,0.0,high_rmsd
3QZG,3QQL,,,vina_failed
3QZG,3QRT,10.369,0.0,high_rmsd
3QZG,3QWJ,10.92,0.0,high_rmsd
3QZG,3QWK,9.631,0.0,high_rmsd
3QZG,3QX2,9.888,0.0,high_rmsd
3QZG,3QXO,10.522,0.0,high_rmsd
3QZG,3QZI,6.688,0.0,high_rmsd
3QZG,3R1Q,6.082,0.0,high_rmsd
3QZG,3R1S,7.038,0.0,high_rmsd
3QZG,3R1Y,10.543,0.0,high_rmsd
3QZG,3R28,8.001,0.0,high_rmsd
3QZG,3R6X,10.853,0.0,high_rmsd
3QZG,3R71,10.18,0.0,high_rmsd
3QZG,3R73,6.54,0.0,high_rmsd
3QZG,3R7U,12.364,0.0,high_rmsd
3QZG,3R83,6.034,0.0,high_rmsd
3QZG,3R8M,8.752,0.0,high_rmsd
3QZG,3R8P,6.791,0.0,high_rmsd
3QZG,3RAI,8.406,0.0,high_rmsd
3QZG,3RM6,8.658,0.0,high_rmsd
3QZG,3ROY,10.406,0.0,high_rmsd
3QZG,3RPO,9.24,0.0,high_rmsd
3QZG,5MHQ,9.536,0.0,high_rmsd
3QZI,3PXF,9.026,0.0,high_rmsd
3QZI,3PXY,8.22,0.0,high_rmsd
3QZI,3PXZ,10.046,0.0,high_rmsd
3QZI,3PY0,8.492,0.0,high_rmsd
3QZI,3QQF,9.074,0.0,high_rmsd
3QZI,3QQJ,6.545,0.0,high_rmsd
3QZI,3QQL,,,vina_failed
3QZI,3QRT,6.612,0.0,high_rmsd
3QZI,3QWJ,9.234,0.0,high_rmsd
3QZI,3QWK,8.02,0.0,high_rmsd
3QZI,3QX2,12.001,0.0,high_rmsd
3QZI,3QXO,8.441,0.0,high_rmsd
3QZI,3QZG,6.134,0.0,high_rmsd
3QZI,3R1Q,8.352,0.0,high_rmsd
3QZI,3R1S,11.002,0.0,high_rmsd
3QZI,3R1Y,6.662,0.0,high_rmsd
3QZI,3R28,6.697,-8.674,high_rmsd
3QZI,3R6X,6.905,-8.023,high_rmsd
3QZI,3R71,10.64,0.0,high_rmsd
3QZI,3R73,13.485,0.0,high_rmsd
3QZI,3R7U,5.821,0.0,high_rmsd
3QZI,3R83,6.01,0.0,high_rmsd
3QZI,3R8M,9.74,0.0,high_rmsd
3QZI,3R8P,6.806,0.0,high_rmsd
3QZI,3RAI,11.591,0.0,high_rmsd
3QZI,3RM6,8.058,0.0,high_rmsd
3QZI,3ROY,5.512,-7.489,high_rmsd
3QZI,3RPO,11.717,0.0,high_rmsd
3QZI,5MHQ,7.302,0.0,high_rmsd
3R1Q,3PXF,6.416,0.0,high_rmsd
3R1Q,3PXY,5.895,0.0,high_rmsd
3R1Q,3PXZ,8.644,0.0,high_rmsd
3R1Q,3PY0,11.739,0.0,high_rmsd
3R1Q,3QQF,9.501,0.0,high_rmsd
3R1Q,3QQJ,4.563,0.0,high_rmsd
3R1Q,3QQL,,,vina_failed
3R1Q,3QRT,5.386,0.0,high_rmsd
3R1Q,3QWJ,7.961,0.0,high_rmsd
3R1Q,3QWK,7.825,0.0,high_rmsd
3R1Q,3QX2,9.325,0.0,high_rmsd
3R1Q,3QXO,11.878,-6.319,high_rmsd
3R1Q,3QZG,7.784,0.0,high_rmsd
3R1Q,3QZI,13.068,-0.05269,high_rmsd
3R1Q,3R1S,8.918,0.0,high_rmsd
3R1Q,3R1Y,10.048,0.0,high_rmsd
3R1Q,3R28,11.935,-0.01621,high_rmsd
3R1Q,3R6X,5.948,0.0,high_rmsd
3R1Q,3R71,8.794,0.0,high_rmsd
3R1Q,3R73,10.987,0.0,high_rmsd
3R1Q,3R7U,9.116,0.0,high_rmsd
3R1Q,3R83,10.876,0.0,high_rmsd
3R1Q,3R8M,8.616,0.0,high_rmsd
3R1Q,3R8P,7.25,0.0,high_rmsd
3R1Q,3RAI,6.71,-8.583,high_rmsd
3R1Q,3RM6,10.604,0.0,high_rmsd
3R1Q,3ROY,5.233,0.0,high_rmsd
3R1Q,3RPO,7.728,0.0,high_rmsd
3R1Q,5MHQ,6.608,0.0,high_rmsd
3R1S,3PXF,4.191,0.0,high_rmsd
3R1S,3PXY,9.777,0.0,high_rmsd
3R1S,3PXZ,8.9,0.0,high_rmsd
3R1S,3PY0,9.979,0.0,high_rmsd
3R1S,3QQF,15.569,-0.5042,high_rmsd
3R1S,3QQJ,5.481,0.0,high_rmsd
3R1S,3QQL,,,vina_failed
3R1S,3QRT,12.895,-4.713,high_rmsd
3R1S,3QWJ,10.83,0.0,high_rmsd
3R1S,3QWK,11.636,0.0,high_rmsd
3R1S,3QX2,10.195,0.0,high_rmsd
3R1S,3QXO,11.666,0.0,high_rmsd
3R1S,3QZG,5.621,0.0,high_rmsd
3R1S,3QZI,9.038,0.0,high_rmsd
3R1S,3R1Q,6.177,0.0,high_rmsd
3R1S,3R1Y,10.913,0.0,high_rmsd
3R1S,3R28,8.45,0.0,high_rmsd
3R1S,3R6X,9.508,0.0,high_rmsd
3R1S,3R71,7.963,-6.168,high_rmsd
3R1S,3R73,8.009,-6.16,high_rmsd
3R1S,3R7U,15.112,-0.1454,high_rmsd
3R1S,3R83,11.944,0.0,high_rmsd
3R1S,3R8M,10.069,0.0,high_rmsd
3R1S,3R8P,5.638,0.0,high_rmsd
3R1S,3RAI,8.558,0.0,high_rmsd
3R1S,3RM6,8.227,0.0,high_rmsd
3R1S,3ROY,8.081,0.0,high_rmsd
3R1S,3RPO,6.053,0.0,high_rmsd
3R1S,5MHQ,9.284,0.0,high_rmsd
3R1Y,3PXF,6.802,0.0,high_rmsd
3R1Y,3PXY,3.652,0.0,high_rmsd
3R1Y,3PXZ,11.982,0.0,high_rmsd
3R1Y,3PY0,9.028,0.0,high_rmsd
3R1Y,3QQF,6.93,0.0,high_rmsd
3R1Y,3QQJ,6.392,0.0,high_rmsd
3R1Y,3QQL,,,vina_failed
3R1Y,3QRT,9.342,0.0,high_rmsd
3R1Y,3QWJ,8.377,0.0,high_rmsd
3R1Y,3QWK,12.094,0.0,high_rmsd
3R1Y,3QX2,8.063,0.0,high_rmsd
3R1Y,3QXO,6.71,0.0,high_rmsd
3R1Y,3QZG,7.474,0.0,high_rmsd
3R1Y,3QZI,8.901,0.0,high_rmsd
3R1Y,3R1Q,5.756,0.0,high_rmsd
3R1Y,3R1S,8.341,0.0,high_rmsd
3R1Y,3R28,9.216,0.0,high_rmsd
3R1Y,3R6X,5.08,0.0,high_rmsd
3R1Y,3R71,8.229,0.0,high_rmsd
3R1Y,3R73,8.453,0.0,high_rmsd
3R1Y,3R7U,6.734,0.0,high_rmsd
3R1Y,3R83,8.11,0.0,high_rmsd
3R1Y,3R8M,9.025,0.0,high_rmsd
3R1Y,3R8P,7.107,0.0,high_rmsd
3R1Y,3RAI,7.644,0.0,high_rmsd
3R1Y,3RM6,6.989,0.0,high_rmsd
3R1Y,3ROY,9.94,0.0,high_rmsd
3R1Y,3RPO,9.348,0.0,high_rmsd
3R1Y,5MHQ,8.917,0.0,high_rmsd
3R28,3PXF,11.609,0.0,high_rmsd
3R28,3PXY,9.694,0.0,high_rmsd
3R28,3PXZ,9.14,0.0,high_rmsd
3R28,3PY0,6.859,0.0,high_rmsd
3R28,3QQF,9.456,0.0,high_rmsd
3R28,3QQJ,9.023,0.0,high_rmsd
3R28,3QQL,,,vina_failed
3R28,3QRT,6.903,0.0,high_rmsd
3R28,3QWJ,8.568,0.0,high_rmsd
3R28,3QWK,7.31,0.0,high_rmsd
3R28,3QX2,10.208,0.0,high_rmsd
3R28,3QXO,11.06,0.0,high_rmsd
3R28,3QZG,7.535,0.0,high_rmsd
3R28,3QZI,7.501,-7.553,high_rmsd
3R28,3R1Q,6.287,0.0,high_rmsd
3R28,3R1S,9.883,0.0,high_rmsd
3R28,3R1Y,10.353,0.0,high_rmsd
3R28,3R6X,7.491,-7.827,high_rmsd
3R28,3R71,9.285,0.0,high_rmsd
3R28,3R73,10.104,0.0,high_rmsd
3R28,3R7U,5.877,0.0,high_rmsd
3R28,3R83,6.96,0.0,high_rmsd
3R28,3R8M,8.149,0.0,high_rmsd
3R28,3R8P,9.822,0.0,high_rmsd
3R28,3RAI,9.14,0.0,high_rmsd
3R28,3RM6,9.972,0.0,high_rmsd
3R28,3ROY,7.344,-8.097,high_rmsd
3R28,3RPO,7.35,0.0,high_rmsd
3R28,5MHQ,7.941,0.0,high_rmsd
3R6X,3PXF,9.934,0.0,high_rmsd
3R6X,3PXY,9.682,0.0,high_rmsd
3R6X,3PXZ,8.942,0.0,high_rmsd
3R6X,3PY0,8.136,0.0,high_rmsd
3R6X,3QQF,12.065,0.0,high_rmsd
3R6X,3QQJ,5.501,0.0,high_rmsd
3R6X,3QQL,,,vina_failed
3R6X,3QRT,6.83,0.0,high_rmsd
3R6X,3QWJ,8.298,0.0,high_rmsd
3R6X,3QWK,9.633,0.0,high_rmsd
3R6X,3QX2,7.785,0.0,high_rmsd
3R6X,3QXO,4.67,0.0,high_rmsd
3R6X,3QZG,6.023,0.0,high_rmsd
3R6X,3QZI,6.396,-7.722,high_rmsd
3R6X,3R1Q,10.981,0.0,high_rmsd
3R6X,3R1S,5.983,0.0,high_rmsd
3R6X,3R1Y,6.685,0.0,high_rmsd
3R6X,3R28,7.648,-9.112,high_rmsd
3R6X,3R71,8.059,0.0,high_rmsd
3R6X,3R73,7.557,0.0,high_rmsd
3R6X,3R7U,8.336,0.0,high_rmsd
3R6X,3R83,8.959,0.0,high_rmsd
3R6X,3R8M,6.94,0.0,high_rmsd
3R6X,3R8P,10.439,0.0,high_rmsd
3R6X,3RAI,8.58,0.0,high_rmsd
3R6X,3RM6,8.476,0.0,high_rmsd
3R6X,3ROY,6.929,-7.947,high_rmsd
3R6X,3RPO,5.835,0.0,high_rmsd
3R6X,5MHQ,8.065,0.0,high_rmsd
3R71,3PXF,10.086,0.0,high_rmsd
3R71,3PXY,13.031,0.0,high_rmsd
3R71,3PXZ,6.825,0.0,high_rmsd
3R71,3PY0,11.286,0.0,high_rmsd
3R71,3QQF,14.252,-0.7,high_rmsd
3R71,3QQJ,9.738,0.0,high_rmsd
3R71,3QQL,,,vina_failed
3R71,3QRT,10.642,-7.463,high_rmsd
3R71,3QWJ,8.608,0.0,high_rmsd
3R71,3QWK,8.375,0.0,high_rmsd
3R71,3QX2,7.452,0.0,high_rmsd
3R71,3QXO,7.998,0.0,high_rmsd
3R71,3QZG,10.397,0.0,high_rmsd
3R71,3QZI,6.983,0.0,high_rmsd
3R71,3R1Q,12.783,0.0,high_rmsd
3R71,3R1S,16.768,-0.5693,high_rmsd
3R71,3R1Y,7.72,0.0,high_rmsd
3R71,3R28,13.703,0.0,high_rmsd
3R71,3R6X,9.239,0.0,high_rmsd
3R71,3R73,3.63,-7.401,high_rmsd
3R71,3R7U,7.102,0.0,high_rmsd
3R71,3R83,7.232,0.0,high_rmsd
3R71,3R8M,5.125,0.0,high_rmsd
3R71,3R8P,12.899,0.0,high_rmsd
3R71,3RAI,7.448,0.0,high_rmsd
3R71,3RM6,10.398,0.0,high_rmsd
3R71,3ROY,9.109,0.0,high_rmsd
3R71,3RPO,7.489,0.0,high_rmsd
3R71,5MHQ,5.352,0.0,high_rmsd
3R73,3PXF,4.574,0.0,high_rmsd
3R73,3PXY,10.599,0.0,high_rmsd
3R73,3PXZ,9.193,0.0,high_rmsd
3R73,3PY0,6.55,0.0,high_rmsd
3R73,3QQF,16.748,-0.5886,high_rmsd
3R73,3QQJ,15.066,0.0,high_rmsd
3R73,3QQL,,,vina_failed
3R73,3QRT,12.549,-7.178,high_rmsd
3R73,3QWJ,6.173,0.0,high_rmsd
3R73,3QWK,10.257,0.0,high_rmsd
3R73,3QX2,8.541,0.0,high_rmsd
3R73,3QXO,9.562,0.0,high_rmsd
3R73,3QZG,12.348,0.0,high_rmsd
3R73,3QZI,5.552,0.0,high_rmsd
3R73,3R1Q,6.912,0.0,high_rmsd
3R73,3R1S,15.134,-0.2842,high_rmsd
3R73,3R1Y,7.526,0.0,high_rmsd
3R73,3R28,9.868,0.0,high_rmsd
3R73,3R6X,12.372,0.0,high_rmsd
3R73,3R71,4.085,-7.565,high_rmsd
3R73,3R7U,9.529,0.0,high_rmsd
3R73,3R83,12.379,0.0,high_rmsd
3R73,3R8M,7.294,0.0,high_rmsd
3R73,3R8P,6.554,0.0,high_rmsd
3R73,3RAI,9.272,0.0,high_rmsd
3R73,3RM6,9.772,0.0,high_rmsd
3R73,3ROY,6.075,0.0,high_rmsd
3R73,3RPO,9.115,0.0,high_rmsd
3R73,5MHQ,9.078,0.0,high_rmsd
3R7U,3PXF,6.886,0.0,high_rmsd
3R7U,3PXY,7.396,0.0,high_rmsd
3R7U,3PXZ,8.83,0.0,high_rmsd
3R7U,3PY0,6.002,0.0,high_rmsd
3R7U,3QQF,13.358,-4.394,high_rmsd
3R7U,3QQJ,8.198,0.0,high_rmsd
3R7U,3QQL,,,vina_failed
3R7U,3QRT,10.476,-0.01385,high_rmsd
3R7U,3QWJ,8.575,0.0,high_rmsd
3R7U,3QWK,11.23,0.0,high_rmsd
3R7U,3QX2,7.098,0.0,high_rmsd
3R7U,3QXO,11.831,0.0,high_rmsd
3R7U,3QZG,5.045,0.0,high_rmsd
3R7U,3QZI,10.049,0.0,high_rmsd
3R7U,3R1Q,6.408,0.0,high_rmsd
3R7U,3R1S,6.645,0.0,high_rmsd
3R7U,3R1Y,9.251,0.0,high_rmsd
3R7U,3R28,9.307,0.0,high_rmsd
3R7U,3R6X,10.047,0.0,high_rmsd
3R7U,3R71,7.558,0.0,high_rmsd
3R7U,3R73,8.147,0.0,high_rmsd
3R7U,3R83,10.058,0.0,high_rmsd
3R7U,3R8M,10.197,0.0,high_rmsd
3R7U,3R8P,13.655,0.0,high_rmsd
3R7U,3RAI,8.316,0.0,high_rmsd
3R7U,3RM6,14.777,-0.4699,high_rmsd
3R7U,3ROY,9.003,0.0,high_rmsd
3R7U,3RPO,6.2,0.0,high_rmsd
3R7U,5MHQ,9.156,0.0,high_rmsd
3R83,3PXF,6.123,0.0,high_rmsd
3R83,3PXY,8.46,0.0,high_rmsd
3R83,3PXZ,15.258,0.0,high_rmsd
3R83,3PY0,5.956,0.0,high_rmsd
3R83,3QQF,6.855,0.0,high_rmsd
3R83,3QQJ,8.142,0.0,high_rmsd
3R83,3QQL,,,vina_failed
3R83,3QRT,10.138,0.0,high_rmsd
3R83,3QWJ,5.926,0.0,high_rmsd
3R83,3QWK,7.58,0.0,high_rmsd
3R83,3QX2,8.157,0.0,high_rmsd
3R83,3QXO,9.558,0.0,high_rmsd
3R83,3QZG,8.618,0.0,high_rmsd
3R83,3QZI,5.906,0.0,high_rmsd
3R83,3R1Q,7.769,0.0,high_rmsd
3R83,3R1S,7.038,0.0,high_rmsd
3R83,3R1Y,6.413,0.0,high_rmsd
3R83,3R28,9.158,0.0,high_rmsd
3R83,3R6X,10.204,0.0,high_rmsd
3R83,3R71,9.255,0.0,high_rmsd
3R83,3R73,11.483,0.0,high_rmsd
3R83,3R7U,10.489,0.0,high_rmsd
3R83,3R8M,7.078,0.0,high_rmsd
3R83,3R8P,11.538,0.0,high_rmsd
3R83,3RAI,7.42,0.0,high_rmsd
3R83,3RM6,8.679,0.0,high_rmsd
3R83,3ROY,8.905,0.0,high_rmsd
3R83,3RPO,5.961,0.0,high_rmsd
3R83,5MHQ,9.166,0.0,high_rmsd
3R8M,3PXF,7.836,0.0,high_rmsd
3R8M,3PXY,9.949,0.0,high_rmsd
3R8M,3PXZ,13.819,0.0,high_rmsd
3R8M,3PY0,7.969,0.0,high_rmsd
3R8M,3QQF,6.466,0.0,high_rmsd
3R8M,3QQJ,10.283,0.0,high_rmsd
3R8M,3QQL,,,vina_failed
3R8M,3QRT,8.199,0.0,high_rmsd
3R8M,3QWJ,7.922,0.0,high_rmsd
3R8M,3QWK,8.573,0.0,high_rmsd
3R8M,3QX2,6.504,0.0,high_rmsd
3R8M,3QXO,4.373,0.0,high_rmsd
3R8M,3QZG,14.173,0.0,high_rmsd
3R8M,3QZI,7.493,0.0,high_rmsd
3R8M,3R1Q,6.036,0.0,high_rmsd
3R8M,3R1S,6.969,0.0,high_rmsd
3R8M,3R1Y,10.537,0.0,high_rmsd
3R8M,3R28,7.18,0.0,high_rmsd
3R8M,3R6X,7.686,0.0,high_rmsd
3R8M,3R71,6.952,0.0,high_rmsd
3R8M,3R73,8.267,0.0,high_rmsd
3R8M,3R7U,8.31,0.0,high_rmsd
3R8M,3R83,7.525,0.0,high_rmsd
3R8M,3R8P,8.231,0.0,high_rmsd
3R8M,3RAI,7.281,0.0,high_rmsd
3R8M,3RM6,6.507,0.0,high_rmsd
3R8M,3ROY,12.422,0.0,high_rmsd
3R8M,3RPO,9.086,0.0,high_rmsd
3R8M,5MHQ,11.065,0.0,high_rmsd
3R8P,3PXF,14.614,0.0,high_rmsd
3R8P,3PXY,10.24,0.0,high_rmsd
3R8P,3PXZ,14.116,0.0,high_rmsd
3R8P,3PY0,11.74,0.0,high_rmsd
3R8P,3QQF,6.216,0.0,high_rmsd
3R8P,3QQJ,6.577,0.0,high_rmsd
3R8P,3QQL,,,vina_failed
3R8P,3QRT,8.113,0.0,high_rmsd
3R8P,3QWJ,6.729,0.0,high_rmsd
3R8P,3QWK,6.44,0.0,high_rmsd
3R8P,3QX2,7.037,0.0,high_rmsd
3R8P,3QXO,10.586,0.0,high_rmsd
3R8P,3QZG,9.576,0.0,high_rmsd
3R8P,3QZI,10.873,0.0,high_rmsd
3R8P,3R1Q,7.686,0.0,high_rmsd
3R8P,3R1S,9.077,0.0,high_rmsd
3R8P,3R1Y,6.462,0.0,high_rmsd
3R8P,3R28,8.076,0.0,high_rmsd
3R8P,3R6X,9.686,0.0,high_rmsd
3R8P,3R71,7.675,0.0,high_rmsd
3R8P,3R73,7.649,0.0,high_rmsd
3R8P,3R7U,9.894,0.0,high_rmsd
3R8P,3R83,7.948,0.0,high_rmsd
3R8P,3R8M,5.928,0.0,high_rmsd
3R8P,3RAI,9.97,0.0,high_rmsd
3R8P,3RM6,9.604,0.0,high_rmsd
3R8P,3ROY,8.023,0.0,high_rmsd
3R8P,3RPO,8.691,0.0,high_rmsd
3R8P,5MHQ,7.929,0.0,high_rmsd
3RAI,3PXF,13.334,0.0,high_rmsd
3RAI,3PXY,9.154,0.0,high_rmsd
3RAI,3PXZ,7.958,0.0,high_rmsd
3RAI,3PY0,7.253,0.0,high_rmsd
3RAI,3QQF,13.672,0.0,high_rmsd
3RAI,3QQJ,10.817,0.0,high_rmsd
3RAI,3QQL,,,vina_failed
3RAI,3QRT,8.86,0.0,high_rmsd
3RAI,3QWJ,9.444,0.0,high_rmsd
3RAI,3QWK,10.358,0.0,high_rmsd
3RAI,3QX2,9.173,0.0,high_rmsd
3RAI,3QXO,11.681,-6.494,high_rmsd
3RAI,3QZG,6.45,0.0,high_rmsd
3RAI,3QZI,13.709,-0.04238,high_rmsd
3RAI,3R1Q,5.148,-7.582,high_rmsd
3RAI,3R1S,7.307,0.0,high_rmsd
3RAI,3R1Y,11.992,0.0,high_rmsd
3RAI,3R28,13.703,-0.0239,high_rmsd
3RAI,3R6X,14.211,0.0,high_rmsd
3RAI,3R71,7.104,0.0,high_rmsd
3RAI,3R73,5.487,0.0,high_rmsd
3RAI,3R7U,11.993,0.0,high_rmsd
3RAI,3R83,9.007,0.0,high_rmsd
3RAI,3R8M,7.392,0.0,high_rmsd
3RAI,3R8P,7.116,0.0,high_rmsd
3RAI,3RM6,7.504,0.0,high_rmsd
3RAI,3ROY,11.456,0.0,high_rmsd
3RAI,3RPO,7.361,0.0,high_rmsd
3RAI,5MHQ,6.334,0.0,high_rmsd
3RM6,3PXF,6.584,0.0,high_rmsd
3RM6,3PXY,11.325,0.0,high_rmsd
3RM6,3PXZ,10.097,0.0,high_rmsd
3RM6,3PY0,6.529,0.0,high_rmsd
3RM6,3QQF,9.756,0.0,high_rmsd
3RM6,3QQJ,9.644,0.0,high_rmsd
3RM6,3QQL,,,vina_failed
3RM6,3QRT,8.42,0.0,high_rmsd
3RM6,3QWJ,9.171,0.0,high_rmsd
3RM6,3QWK,11.347,0.0,high_rmsd
3RM6,3QX2,8.896,0.0,high_rmsd
3RM6,3QXO,6.575,0.0,high_rmsd
3RM6,3QZG,11.177,0.0,high_rmsd
3RM6,3QZI,6.637,0.0,high_rmsd
3RM6,3R1Q,11.253,0.0,high_rmsd
3RM6,3R1S,8.253,0.0,high_rmsd
3RM6,3R1Y,7.803,0.0,high_rmsd
3RM6,3R28,13.363,0.0,high_rmsd
3RM6,3R6X,7.642,0.0,high_rmsd
3RM6,3R71,10.47,0.0,high_rmsd
3RM6,3R73,9.495,0.0,high_rmsd
3RM6,3R7U,9.749,0.0,high_rmsd
3RM6,3R83,9.057,0.0,high_rmsd
3RM6,3R8M,9.305,0.0,high_rmsd
3RM6,3R8P,9.646,0.0,high_rmsd
3RM6,3RAI,8.183,0.0,high_rmsd
3RM6,3ROY,7.983,0.0,high_rmsd
3RM6,3RPO,5.898,0.0,high_rmsd
3RM6,5MHQ,7.45,0.0,high_rmsd
3ROY,3PXF,10.698,0.0,high_rmsd
3ROY,3PXY,9.939,0.0,high_rmsd
3ROY,3PXZ,11.704,0.0,high_rmsd
3ROY,3PY0,6.696,0.0,high_rmsd
3ROY,3QQF,9.032,0.0,high_rmsd
3ROY,3QQJ,7.431,0.0,high_rmsd
3ROY,3QQL,,,vina_failed
3ROY,3QRT,10.715,0.0,high_rmsd
3ROY,3QWJ,8.533,0.0,high_rmsd
3ROY,3QWK,9.281,0.0,high_rmsd
3ROY,3QX2,6.744,0.0,high_rmsd
3ROY,3QXO,11.477,0.0,high_rmsd
3ROY,3QZG,8.704,0.0,high_rmsd
3ROY,3QZI,6.366,-7.703,high_rmsd
3ROY,3R1Q,9.978,0.0,high_rmsd
3ROY,3R1S,6.099,0.0,high_rmsd
3ROY,3R1Y,4.897,0.0,high_rmsd
3ROY,3R28,7.671,-8.915,high_rmsd
3ROY,3R6X,7.275,-7.608,high_rmsd
3ROY,3R71,6.194,0.0,high_rmsd
3ROY,3R73,7.135,0.0,high_rmsd
3ROY,3R7U,8.832,0.0,high_rmsd
3ROY,3R83,9.063,0.0,high_rmsd
3ROY,3R8M,8.044,0.0,high_rmsd
3ROY,3R8P,6.249,0.0,high_rmsd
3ROY,3RAI,11.823,0.0,high_rmsd
3ROY,3RM6,10.982,0.0,high_rmsd
3ROY,3RPO,8.121,0.0,high_rmsd
3ROY,5MHQ,9.885,0.0,high_rmsd
3RPO,3PXF,16.172,0.0,high_rmsd
3RPO,3PXY,9.603,0.0,high_rmsd
3RPO,3PXZ,7.323,0.0,high_rmsd
3RPO,3PY0,5.37,0.0,high_rmsd
3RPO,3QQF,11.074,0.0,high_rmsd
3RPO,3QQJ,10.164,0.0,high_rmsd
3RPO,3QQL,,,vina_failed
3RPO,3QRT,7.601,0.0,high_rmsd
3RPO,3QWJ,11.841,0.0,high_rmsd
3RPO,3QWK,7.861,0.0,high_rmsd
3RPO,3QX2,5.475,0.0,high_rmsd
3RPO,3QXO,8.393,0.0,high_rmsd
3RPO,3QZG,8.32,0.0,high_rmsd
3RPO,3QZI,8.805,0.0,high_rmsd
3RPO,3R1Q,8.372,0.0,high_rmsd
3RPO,3R1S,17.898,-0.4694,high_rmsd
3RPO,3R1Y,6.865,0.0,high_rmsd
3RPO,3R28,8.963,0.0,high_rmsd
3RPO,3R6X,7.266,0.0,high_rmsd
3RPO,3R71,14.531,-0.4132,high_rmsd
3RPO,3R73,14.509,-0.3177,high_rmsd
3RPO,3R7U,9.044,0.0,high_rmsd
3RPO,3R83,6.102,0.0,high_rmsd
3RPO,3R8M,7.423,0.0,high_rmsd
3RPO,3R8P,9.76,0.0,high_rmsd
3RPO,3RAI,11.143,0.0,high_rmsd
3RPO,3RM6,10.868,0.0,high_rmsd
3RPO,3ROY,12.537,0.0,high_rmsd
3RPO,5MHQ,5.893,0.0,high_rmsd
5MHQ,3PXF,12.386,0.0,high_rmsd
5MHQ,3PXY,9.834,0.0,high_rmsd
5MHQ,3PXZ,6.93,0.0,high_rmsd
5MHQ,3PY0,7.229,0.0,high_rmsd
5MHQ,3QQF,8.313,0.0,high_rmsd
5MHQ,3QQJ,6.862,0.0,high_rmsd
5MHQ,3QQL,,,vina_failed
5MHQ,3QRT,10.09,0.0,high_rmsd
5MHQ,3QWJ,7.607,0.0,high_rmsd
5MHQ,3QWK,8.297,0.0,high_rmsd
5MHQ,3QX2,10.615,0.0,high_rmsd
5MHQ,3QXO,10.038,0.0,high_rmsd
5MHQ,3QZG,6.105,0.0,high_rmsd
5MHQ,3QZI,9.601,0.0,high_rmsd
5MHQ,3R1Q,7.008,0.0,high_rmsd
5MHQ,3R1S,10.534,0.0,high_rmsd
5MHQ,3R1Y,7.658,0.0,high_rmsd
5MHQ,3R28,7.672,0.0,high_rmsd
5MHQ,3R6X,7.046,0.0,high_rmsd
5MHQ,3R71,7.429,0.0,high_rmsd
5MHQ,3R73,9.072,0.0,high_rmsd
5MHQ,3R7U,9.222,0.0,high_rmsd
5MHQ,3R83,5.715,0.0,high_rmsd
5MHQ,3R8M,6.401,0.0,high_rmsd
5MHQ,3R8P,10.667,0.0,high_rmsd
5MHQ,3RAI,8.948,0.0,high_rmsd
5MHQ,3RM6,9.681,0.0,high_rmsd
5MHQ,3ROY,6.187,0.0,high_rmsd
5MHQ,3RPO,7.084,0.0,high_rmsd
